# Console and its C* subclasses (vtable propagation + manual pairs), area: consoles
??0Console@@QAE@PAVXConsole@@HHHHH_NH@Z,0x48c060,0x107
??0Console@@QAE@PAVXConsole@@URect@@H_NH@Z,0x48c170,0x107
?update@Console@@UAEXXZ,0x48c280,0x2f
??1Console@@UAE@XZ,0x48c2b0,0x96
?getFrame@Console@@UAEHXZ,0x48c350,0x10
?getUnknown60@Console@@QAEHXZ,0x48c360,0x11
?getRect@Console@@QAE?AURect@@XZ,0x48c380,0x39
?animate@Console@@QAEXV?$basic_string@DU?$char_traits@D@std@@V?$allocator@D@2@@std@@@Z,0x48c3f0,0x6f
?trigger@Console@@UAEXABV?$basic_string@DU?$char_traits@D@std@@V?$allocator@D@2@@std@@H@Z,0x48c4e0,0x7f
?input@Console@@UAE_NPAX@Z,0x48c560,0x44
?render@Console@@UAEXXZ,0x48c5b0,0x2f
??_GConsole@@UAEPAXI@Z,0x48c6b0,0x2d
??_GEngine@@QAEPAXI@Z,0x48c6e0,0x2d
??0ConsoleTitle@@QAE@PAVXConsole@@V?$basic_string@DU?$char_traits@D@std@@V?$allocator@D@2@@std@@HH@Z,0x48c710,0xcc
??0ConsoleArt@@QAE@PAVXConsole@@PAVAsciiImage@@HH_NHHABUPos@@HH@Z,0x48c7e0,0x12a
??0ConsoleArt@@QAE@PAVXConsole@@ABV?$basic_string@DU?$char_traits@D@std@@V?$allocator@D@2@@std@@HH_NHHABUPos@@HH@Z,0x48c910,0x1d3
??1ConsoleArt@@UAE@XZ,0x48caf0,0x5f
?getFrame@ConsoleArt@@UAEHXZ,0x48cb50,0x10
?trigger@ConsoleArt@@UAEXABV?$basic_string@DU?$char_traits@D@std@@V?$allocator@D@2@@std@@H@Z,0x48cb60,0x2f
?drawArt@ConsoleArt@@QAEXH@Z,0x48cb90,0x1fe
??_EConsoleArt@@UAEPAXI@Z,0x48cd90,0x2d
?initialize@CArtAnimated@@QAEXXZ,0x48cdc0,0x37
??0CArtAnimated@@QAE@PAVXConsole@@PAVAsciiImage@@HH_NHHHABUPos@@HH@Z,0x48ce00,0x5e
??0CArtAnimated@@QAE@PAVXConsole@@ABV?$basic_string@DU?$char_traits@D@std@@V?$allocator@D@2@@std@@HH_NHHHABUPos@@HH@Z,0x48ce60,0x5e
??1CArtAnimated@@UAE@XZ,0x48cec0,0x1c
??_ECArtAnimated@@UAEPAXI@Z,0x48cee0,0x2d
??0CText@@QAE@PAVXConsole@@ABUPos@@ABV?$basic_string@DU?$char_traits@D@std@@V?$allocator@D@2@@std@@HHH@Z,0x48cf10,0xcd
??0CTextButton@@QAE@PAVXConsole@@ABUPos@@HABV?$basic_string@DU?$char_traits@D@std@@V?$allocator@D@2@@std@@HH@Z,0x48cfe0,0xfc
??_GConsoleTitle@@UAEPAXI@Z,0x48d0e0,0x2d
??_ECText@@UAEPAXI@Z,0x48d0e0,0x2d
??_GCTextButton@@UAEPAXI@Z,0x48d0e0,0x2d
??1ConsoleTitle@@UAE@XZ,0x48d110,0x1e
??1CText@@UAE@XZ,0x48d110,0x1e
??1CTextButton@@UAE@XZ,0x48d110,0x1e
?clear@CTextInput@@QAEXXZ,0x48d290,0x2b
?setUnknown98@CTextInput@@QAEXABV?$vector@HV?$allocator@H@std@@@std@@@Z,0x48d2c0,0x1f
?setUnknownA9@CTextInput@@QAEX_N@Z,0x48d2e0,0x19
?setUnknown95@CTextInput@@QAEX_N@Z,0x48d360,0x19
?setUnknownAa@CTextInput@@QAEXXZ,0x48d380,0x15
??_ECTextInput@@UAEPAXI@Z,0x48d3a0,0x2d
??1CTextInput@@UAE@XZ,0x48d3d0,0x76
??0CTemp@@QAE@PAVXConsole@@ABUPos@@HHHH@Z,0x48d450,0x44
??0CCloseButton@@QAE@PAVXConsole@@ABUXColor@@H@Z,0x48d4a0,0xfc
?mouseEnter@CCloseButton@@UAE_NXZ,0x48d5a0,0x4c
?mouseLeave@CCloseButton@@UAEXXZ,0x48d5f0,0x68
??_ECCloseButton@@UAEPAXI@Z,0x48d660,0x2d
??1CCloseButton@@UAE@XZ,0x48d690,0x13
??0CInterfaceMsg@@QAE@PAVXConsole@@@Z,0x48d6b0,0x61
?clear@CInterfaceMsg@@QAEXXZ,0x48d720,0x27
??1CInterfaceMsg@@UAE@XZ,0x48d750,0x67
?refresh@CInterfaceMsg@@QAEXXZ,0x48d7c0,0x52
??_ECInterfaceMsg@@UAEPAXI@Z,0x48d820,0x2d
??0CListOption@@QAE@PAVXConsole@@HHHABV?$basic_string@DU?$char_traits@D@std@@V?$allocator@D@2@@std@@H_NHH2HH@Z,0x48d850,0xb3
?mouseEnter@CListOption@@UAE_NXZ,0x48d910,0x3b
?mouseLeave@CListOption@@UAEXXZ,0x48d950,0x4a
??1CList@@UAE@XZ,0x48df30,0x10b
?getUnknown74@CList@@QAEHXZ,0x48e040,0x11
?getOption@CList@@QAEPAVCListOption@@H@Z,0x48e060,0x21
?setUnknownC0@CList@@QAEX_N@Z,0x48e090,0x19
?cancel@CList@@QAEXXZ,0x48e0b0,0x89
??_GCList@@UAEPAXI@Z,0x48e140,0x2d
??_ECTemp@@UAEPAXI@Z,0x496510,0x2d
??_GCListOption@@UAEPAXI@Z,0x496510,0x2d
?resize@Console@@UAEXHH@Z,0x7ad4a0,0x37
??1CTemp@@UAE@XZ,0x7c54d0,0x13
??1CListOption@@UAE@XZ,0x7c54d0,0x13
