??$swap@H@std@@YAXAAH0@Z,0xa04380,0x3f
SDL_main,0x9add00,0x12b0
D2Robot::D2Robot,0x9450f0,0x17f2
D2Ending::render,0x9ab840,0x1a32
D2Hack::unknown940ad0,0x940ad0,0x1cb0
D2WorldMap::unknown993fa0,0x993fa0,0x2556
D2Intro::trigger,0x95d0b0,0x259a
D2Tactical::render,0x890ee0,0x23c0
delta2_showTransmission_8f58f0,0x8f58f0,0x2a46
D2Effects::update,0x960bc0,0x40e4
D2Evolve6::update,0x98dbc0,0x4fd8
D2Evolve::D2Evolve,0x98c180,0x1a35
D2Hack11::trigger,0x93ad00,0x5dcd
D2Parse::D2Parse,0x954b10,0x5a7e
D2Compare::trigger,0x8ec880,0x75cf
delta2_shellCommand_900920,0x900920,0x8f18
D2RobotHack::executeHack,0x9471d0,0xca98
