# engine area: Kyzrati's X engine layer (XColor, XConsole, REX...). name,va,size
??0XColor@@QAE@XZ,0x411d40,0x22
??0XColor@@QAE@E@Z,0x411d70,0x2a
??0XColor@@QAE@HHH@Z,0x411da0,0x2a
??0XColor@@QAE@MMM@Z,0x411dd0,0x2d
??0XColor@@QAE@ABV?$basic_string@DU?$char_traits@D@std@@V?$allocator@D@2@@std@@@Z,0x411e00,0x2e
??0XColor@@QAE@ABU0@@Z,0x411e30,0x32
?read@XColor@@QAEXAAV?$basic_istream@DU?$char_traits@D@std@@@std@@@Z,0x411e70,0x46
?write@XColor@@QAEXAAV?$basic_ostream@DU?$char_traits@D@std@@@std@@@Z,0x411ec0,0x46
??4XColor@@QAEAAU0@U0@@Z,0x411f10,0x2a
??8XColor@@QAE_NU0@@Z,0x411f40,0x4e
??9XColor@@QAE_NU0@@Z,0x411f90,0x4e
??HXColor@@QAE?AU0@U0@@Z,0x411fe0,0x6b
??DXColor@@QAE?AU0@M@Z,0x412050,0x8b
??XXColor@@QAEAAU0@M@Z,0x4120e0,0x91
?nonzero@XColor@@QAE_NXZ,0x412180,0x40
?toString@XColor@@QAE?AV?$basic_string@DU?$char_traits@D@std@@V?$allocator@D@2@@std@@XZ,0x4121c0,0x2e0
?set@XColor@@QAEXEEE@Z,0x4124a0,0x27
?set@XColor@@QAEXABU1@@Z,0x4124d0,0x2f
?setHSV@XColor@@QAEXMMM@Z,0x412500,0x590
?add@XColor@@QAEXU1@@Z,0x412a90,0x6e
?subtract@XColor@@QAEXU1@@Z,0x412b00,0x65
?multiply@XColor@@QAEXU1@@Z,0x412b70,0x5f
?scale@XColor@@QAEXM@Z,0x412bd0,0x8e
?lerp@XColor@@QAEXU1@M@Z,0x412c60,0xde
?addAlpha@XColor@@QAEXU1@M@Z,0x412d40,0x32
?screen@XColor@@QAEXU1@@Z,0x412d80,0x9e
?colorDodge@XColor@@QAEXU1@@Z,0x412e20,0xf9
?colorBurn@XColor@@QAEXU1@@Z,0x412f20,0xfa
?burn@XColor@@QAEXU1@@Z,0x413020,0x83
?overlay@XColor@@QAEXU1@@Z,0x4130b0,0x161
?grayscale@XColor@@QAEXXZ,0x413220,0x81
?desaturate@XColor@@QAEXM@Z,0x4132b0,0x138
?shiftHue@XColor@@QAEXH@Z,0x4133f0,0x5c
?cycle@XColor@@QAEXH@Z,0x413450,0x78
?invert@XColor@@QAEXXZ,0x4134d0,0x45
?getHSV@XColor@@QAEXPAM00@Z,0x413520,0x189
?add@XColor@@SA?AU1@U1@0@Z,0x4136b0,0x2b
?subtract@XColor@@SA?AU1@U1@0@Z,0x4136e0,0x2b
?multiply@XColor@@SA?AU1@U1@0@Z,0x413710,0x2b
?scale@XColor@@SA?AU1@U1@M@Z,0x413740,0x23
?lerp@XColor@@SA?AU1@U1@0M@Z,0x413770,0x32
?addAlpha@XColor@@SA?AU1@U1@0M@Z,0x4137b0,0x3a
?subtractAlpha@XColor@@SA?AU1@U1@0M@Z,0x4137f0,0x3a
?screen@XColor@@SA?AU1@U1@0@Z,0x413830,0x2b
?colorDodge@XColor@@SA?AU1@U1@0@Z,0x413860,0x2b
?colorBurn@XColor@@SA?AU1@U1@0@Z,0x413890,0x2b
?burn@XColor@@SA?AU1@U1@0@Z,0x4138c0,0x2b
?overlay@XColor@@SA?AU1@U1@0@Z,0x4138f0,0x2b
?shiftHue@XColor@@SA?AU1@U1@H@Z,0x413920,0x20
?grayscale@XColor@@SA?AU1@U1@@Z,0x413940,0x1c
