# lead_stl_a: vector<T> instantiations matched via placeholder element types (src/lead/stl_a.cpp, tools/discover.py --greedy)
??0?$vector@UE8_0@@V?$allocator@UE8_0@@@std@@@std@@QAE@I@Z,0x9b1860,0x69
??0?$vector@UE8_0@@V?$allocator@UE8_0@@@std@@@std@@QAE@IABUE8_0@@@Z,0x9b2fa0,0x76
??0?$vector@UE8_0@@V?$allocator@UE8_0@@@std@@@std@@QAE@ABV01@@Z,0x9b35b0,0xe9
?_Construct_n@?$vector@UE8_0@@V?$allocator@UE8_0@@@std@@@std@@QAEXIPBUE8_0@@@Z,0x9bd880,0xa6
??0?$vector@UE8_0@@V?$allocator@UE8_0@@@std@@@std@@QAE@$$QAV01@@Z,0x9e9920,0x79
??4?$vector@UE8_0@@V?$allocator@UE8_0@@@std@@@std@@QAEAAV01@$$QAV01@@Z,0x9f52b0,0x25
?at@?$vector@UE8_0@@V?$allocator@UE8_0@@@std@@@std@@QBEABUE8_0@@I@Z,0x9b32b0,0x2d
?back@?$vector@UE8_0@@V?$allocator@UE8_0@@@std@@@std@@QAEAAUE8_0@@XZ,0x9b4940,0x2d
?push_back@?$vector@UE8_0@@V?$allocator@UE8_0@@@std@@@std@@QAEXABUE8_0@@@Z,0x9b77e0,0xfa
?assign@?$vector@UE8_0@@V?$allocator@UE8_0@@@std@@@std@@QAEXIABUE8_0@@@Z,0x9b1950,0x1d
?insert@?$vector@UE8_0@@V?$allocator@UE8_0@@@std@@@std@@QAEXV?$_Vector_const_iterator@V?$_Vector_val@UE8_0@@V?$allocator@UE8_0@@@std@@@std@@@2@IABUE8_0@@@Z,0x9b7ca0,0x21
?erase@?$vector@UE8_0@@V?$allocator@UE8_0@@@std@@@std@@QAE?AV?$_Vector_iterator@V?$_Vector_val@UE8_0@@V?$allocator@UE8_0@@@std@@@std@@@2@V?$_Vector_const_iterator@V?$_Vector_val@UE8_0@@V?$allocator@UE8_0@@@std@@@std@@@2@@Z,0x9b3450,0x62
?_Destroy@?$vector@UE8_0@@V?$allocator@UE8_0@@@std@@@std@@IAEXPAUE8_0@@0@Z,0x9c38d0,0x24
?_Reserve@?$vector@UE8_0@@V?$allocator@UE8_0@@@std@@@std@@IAEXI@Z,0x9c0150,0x61
?clear@?$vector@UE8_1@@V?$allocator@UE8_1@@@std@@@std@@QAEXXZ,0x9c3e40,0x43
?push_back@?$vector@UEc_0@@V?$allocator@UEc_0@@@std@@@std@@QAEX$$QAUEc_0@@@Z,0x9b90e0,0x115
?push_back@?$vector@UEc_0@@V?$allocator@UEc_0@@@std@@@std@@QAEXABUEc_0@@@Z,0x9b47a0,0xff
?erase@?$vector@UEc_0@@V?$allocator@UEc_0@@@std@@@std@@QAE?AV?$_Vector_iterator@V?$_Vector_val@UEc_0@@V?$allocator@UEc_0@@@std@@@std@@@2@V?$_Vector_const_iterator@V?$_Vector_val@UEc_0@@V?$allocator@UEc_0@@@std@@@std@@@2@@Z,0x9e9500,0x62
?erase@?$vector@UEc_0@@V?$allocator@UEc_0@@@std@@@std@@QAE?AV?$_Vector_iterator@V?$_Vector_val@UEc_0@@V?$allocator@UEc_0@@@std@@@std@@@2@V?$_Vector_const_iterator@V?$_Vector_val@UEc_0@@V?$allocator@UEc_0@@@std@@@std@@@2@0@Z,0x9c1540,0x91
?_Tidy@?$vector@UEc_0@@V?$allocator@UEc_0@@@std@@@std@@IAEXXZ,0x9c1650,0x75
?push_back@?$vector@UE10_0@@V?$allocator@UE10_0@@@std@@@std@@QAEX$$QAUE10_0@@@Z,0x9b5610,0x110
?push_back@?$vector@UE10_0@@V?$allocator@UE10_0@@@std@@@std@@QAEXABUE10_0@@@Z,0x9b5780,0xfa
?pop_back@?$vector@UE10_0@@V?$allocator@UE10_0@@@std@@@std@@QAEXXZ,0x9b5880,0x42
?_Buy@?$vector@UE10_0@@V?$allocator@UE10_0@@@std@@@std@@IAE_NI@Z,0x9be430,0x7f
?_Grow_to@?$vector@UE10_0@@V?$allocator@UE10_0@@@std@@@std@@IBEII@Z,0x9c7a90,0x59
?_Ufill@?$vector@UE10_0@@V?$allocator@UE10_0@@@std@@@std@@IAEPAUE10_0@@PAU3@IPBU3@@Z,0x9cc140,0x31
?push_back@?$vector@UE14_0@@V?$allocator@UE14_0@@@std@@@std@@QAEX$$QAUE14_0@@@Z,0x9b9560,0x115
?capacity@?$vector@UE14_0@@V?$allocator@UE14_0@@@std@@@std@@QBEIXZ,0x9cc200,0x1e
?size@?$vector@UE14_0@@V?$allocator@UE14_0@@@std@@@std@@QBEIXZ,0x9b96e0,0x1e
??A?$vector@UE14_0@@V?$allocator@UE14_0@@@std@@@std@@QBEABUE14_0@@I@Z,0x9b9700,0x18
?erase@?$vector@UE14_0@@V?$allocator@UE14_0@@@std@@@std@@QAE?AV?$_Vector_iterator@V?$_Vector_val@UE14_0@@V?$allocator@UE14_0@@@std@@@std@@@2@V?$_Vector_const_iterator@V?$_Vector_val@UE14_0@@V?$allocator@UE14_0@@@std@@@std@@@2@@Z,0x9e9440,0x62
?erase@?$vector@UE14_0@@V?$allocator@UE14_0@@@std@@@std@@QAE?AV?$_Vector_iterator@V?$_Vector_val@UE14_0@@V?$allocator@UE14_0@@@std@@@std@@@2@V?$_Vector_const_iterator@V?$_Vector_val@UE14_0@@V?$allocator@UE14_0@@@std@@@std@@@2@0@Z,0x9c13b0,0x91
?_Buy@?$vector@UE14_0@@V?$allocator@UE14_0@@@std@@@std@@IAE_NI@Z,0x9c8eb0,0x7f
?_Grow_to@?$vector@UE14_0@@V?$allocator@UE14_0@@@std@@@std@@IBEII@Z,0x9c7290,0x59
?_Tidy@?$vector@UE14_0@@V?$allocator@UE14_0@@@std@@@std@@IAEXXZ,0x9c14c0,0x75
?_Ufill@?$vector@UE14_0@@V?$allocator@UE14_0@@@std@@@std@@IAEPAUE14_0@@PAU3@IPBU3@@Z,0x9cc220,0x31
?capacity@?$vector@UE18_0@@V?$allocator@UE18_0@@@std@@@std@@QBEIXZ,0x9eac80,0x1e
?size@?$vector@UE18_0@@V?$allocator@UE18_0@@@std@@@std@@QBEIXZ,0x9b6b50,0x1e
??A?$vector@UE18_0@@V?$allocator@UE18_0@@@std@@@std@@QBEABUE18_0@@I@Z,0x9b6a10,0x18
?push_back@?$vector@UE18_0@@V?$allocator@UE18_0@@@std@@@std@@QAEXABUE18_0@@@Z,0x9e8670,0xff
?erase@?$vector@UE18_0@@V?$allocator@UE18_0@@@std@@@std@@QAE?AV?$_Vector_iterator@V?$_Vector_val@UE18_0@@V?$allocator@UE18_0@@@std@@@std@@@2@V?$_Vector_const_iterator@V?$_Vector_val@UE18_0@@V?$allocator@UE18_0@@@std@@@std@@@2@0@Z,0x9be390,0x91
?push_back@?$vector@UE1c_0@@V?$allocator@UE1c_0@@@std@@@std@@QAEX$$QAUE1c_0@@@Z,0x9b0340,0x115
?pop_back@?$vector@UE1c_0@@V?$allocator@UE1c_0@@@std@@@std@@QAEXXZ,0x9b07f0,0x42
?erase@?$vector@UE1c_0@@V?$allocator@UE1c_0@@@std@@@std@@QAE?AV?$_Vector_iterator@V?$_Vector_val@UE1c_0@@V?$allocator@UE1c_0@@@std@@@std@@@2@V?$_Vector_const_iterator@V?$_Vector_val@UE1c_0@@V?$allocator@UE1c_0@@@std@@@std@@@2@@Z,0x9b0890,0x62
?_Ufill@?$vector@UE1c_0@@V?$allocator@UE1c_0@@@std@@@std@@IAEPAUE1c_0@@PAU3@IPBU3@@Z,0x9c2b30,0x31
?capacity@?$vector@UE20_0@@V?$allocator@UE20_0@@@std@@@std@@QBEIXZ,0x9c4d40,0x19
?size@?$vector@UE20_0@@V?$allocator@UE20_0@@@std@@@std@@QBEIXZ,0x9b52d0,0x19
??A?$vector@UE20_0@@V?$allocator@UE20_0@@@std@@@std@@QBEABUE20_0@@I@Z,0x9b60d0,0x18
?push_back@?$vector@UE20_0@@V?$allocator@UE20_0@@@std@@@std@@QAEXABUE20_0@@@Z,0x9b52f0,0xfa
?pop_back@?$vector@UE20_0@@V?$allocator@UE20_0@@@std@@@std@@QAEXXZ,0x9b6120,0x42
?capacity@?$vector@UE24_0@@V?$allocator@UE24_0@@@std@@@std@@QBEIXZ,0x9eae50,0x1e
?size@?$vector@UE24_0@@V?$allocator@UE24_0@@@std@@@std@@QBEIXZ,0x9b4f10,0x1e
??A?$vector@UE24_0@@V?$allocator@UE24_0@@@std@@@std@@QBEABUE24_0@@I@Z,0x9b4f30,0x18
?push_back@?$vector@UE24_0@@V?$allocator@UE24_0@@@std@@@std@@QAEXABUE24_0@@@Z,0x9b4f50,0xff
?erase@?$vector@UE24_0@@V?$allocator@UE24_0@@@std@@@std@@QAE?AV?$_Vector_iterator@V?$_Vector_val@UE24_0@@V?$allocator@UE24_0@@@std@@@std@@@2@V?$_Vector_const_iterator@V?$_Vector_val@UE24_0@@V?$allocator@UE24_0@@@std@@@std@@@2@@Z,0x9e7f40,0x62
?erase@?$vector@UE24_0@@V?$allocator@UE24_0@@@std@@@std@@QAE?AV?$_Vector_iterator@V?$_Vector_val@UE24_0@@V?$allocator@UE24_0@@@std@@@std@@@2@V?$_Vector_const_iterator@V?$_Vector_val@UE24_0@@V?$allocator@UE24_0@@@std@@@std@@@2@0@Z,0x9beaf0,0x91
?_Tidy@?$vector@UE24_0@@V?$allocator@UE24_0@@@std@@@std@@IAEXXZ,0x9bec00,0x75
?push_back@?$vector@UE30_0@@V?$allocator@UE30_0@@@std@@@std@@QAEX$$QAUE30_0@@@Z,0x9b8920,0x115
?capacity@?$vector@UE30_0@@V?$allocator@UE30_0@@@std@@@std@@QBEIXZ,0x9c67f0,0x1e
?size@?$vector@UE30_0@@V?$allocator@UE30_0@@@std@@@std@@QBEIXZ,0x9b8aa0,0x1e
??A?$vector@UE30_0@@V?$allocator@UE30_0@@@std@@@std@@QBEABUE30_0@@I@Z,0x9b8ac0,0x18
?push_back@?$vector@UE30_0@@V?$allocator@UE30_0@@@std@@@std@@QAEXABUE30_0@@@Z,0x9e8f00,0xff
?capacity@?$vector@UE34_0@@V?$allocator@UE34_0@@@std@@@std@@QBEIXZ,0x9c5430,0x1e
?size@?$vector@UE34_0@@V?$allocator@UE34_0@@@std@@@std@@QBEIXZ,0x9b5cf0,0x1e
??A?$vector@UE34_0@@V?$allocator@UE34_0@@@std@@@std@@QBEABUE34_0@@I@Z,0x9b5d10,0x18
?push_back@?$vector@UE34_0@@V?$allocator@UE34_0@@@std@@@std@@QAEXABUE34_0@@@Z,0x9b5d60,0xff
?capacity@?$vector@UE38_0@@V?$allocator@UE38_0@@@std@@@std@@QBEIXZ,0x9c65d0,0x1e
?size@?$vector@UE38_0@@V?$allocator@UE38_0@@@std@@@std@@QBEIXZ,0x9b8760,0x1e
??A?$vector@UE38_0@@V?$allocator@UE38_0@@@std@@@std@@QBEABUE38_0@@I@Z,0x9b8780,0x18
?push_back@?$vector@UE38_0@@V?$allocator@UE38_0@@@std@@@std@@QAEXABUE38_0@@@Z,0x9b87d0,0xff
?capacity@?$vector@UE3c_0@@V?$allocator@UE3c_0@@@std@@@std@@QBEIXZ,0x9ea880,0x1e
?size@?$vector@UE3c_0@@V?$allocator@UE3c_0@@@std@@@std@@QBEIXZ,0x9b69d0,0x1e
??A?$vector@UE3c_0@@V?$allocator@UE3c_0@@@std@@@std@@QBEABUE3c_0@@I@Z,0x9b69f0,0x18
?push_back@?$vector@UE3c_0@@V?$allocator@UE3c_0@@@std@@@std@@QAEXABUE3c_0@@@Z,0x9e8410,0xff
?capacity@?$vector@UE40_0@@V?$allocator@UE40_0@@@std@@@std@@QBEIXZ,0x9cc280,0x19
?size@?$vector@UE40_0@@V?$allocator@UE40_0@@@std@@@std@@QBEIXZ,0x9b7020,0x19
?push_back@?$vector@UE40_0@@V?$allocator@UE40_0@@@std@@@std@@QAEXABUE40_0@@@Z,0x9e8900,0xfa
?_Ufill@?$vector@UE40_0@@V?$allocator@UE40_0@@@std@@@std@@IAEPAUE40_0@@PAU3@IPBU3@@Z,0x9cc320,0x31
?capacity@?$vector@UE48_0@@V?$allocator@UE48_0@@@std@@@std@@QBEIXZ,0x9eaa90,0x1e
?size@?$vector@UE48_0@@V?$allocator@UE48_0@@@std@@@std@@QBEIXZ,0x9b6ab0,0x1e
??A?$vector@UE48_0@@V?$allocator@UE48_0@@@std@@@std@@QBEABUE48_0@@I@Z,0x9b6ad0,0x18
?push_back@?$vector@UE48_0@@V?$allocator@UE48_0@@@std@@@std@@QAEXABUE48_0@@@Z,0x9e8570,0xff
?capacity@?$vector@UE60_0@@V?$allocator@UE60_0@@@std@@@std@@QBEIXZ,0x9c4f10,0x1e
?size@?$vector@UE60_0@@V?$allocator@UE60_0@@@std@@@std@@QBEIXZ,0x9b5450,0x1e
??A?$vector@UE60_0@@V?$allocator@UE60_0@@@std@@@std@@QBEABUE60_0@@I@Z,0x9b5470,0x18
?push_back@?$vector@UE60_0@@V?$allocator@UE60_0@@@std@@@std@@QAEXABUE60_0@@@Z,0x9b54c0,0xff
?pop_back@?$vector@UE6c_0@@V?$allocator@UE6c_0@@@std@@@std@@QAEXXZ,0x9b4e10,0x42
?push_back@?$vector@UE84_0@@V?$allocator@UE84_0@@@std@@@std@@QAEXABUE84_0@@@Z,0x9b4b50,0x10b
?push_back@?$vector@UEac_0@@V?$allocator@UEac_0@@@std@@@std@@QAEXABUEac_0@@@Z,0x9b4970,0x10b
?emplace_back@?$vector@DV?$allocator@D@std@@@std@@QAEX$$QAD@Z,0x9af320,0x22
??1?$vector@DV?$allocator@D@std@@@std@@QAE@XZ,0x9b2e60,0x53
?back@?$vector@DV?$allocator@D@std@@@std@@QBEABDXZ,0x9afc80,0x2d
?resize@?$vector@HV?$allocator@H@std@@@std@@QAEXI@Z,0x9bce10,0xc8
?pop_back@?$vector@HV?$allocator@H@std@@@std@@QAEXXZ,0x9e8cd0,0x42
?_Assign_n@?$vector@HV?$allocator@H@std@@@std@@IAEXIABH@Z,0x9bcee0,0x72
?_Insert_n@?$vector@HV?$allocator@H@std@@@std@@IAEXV?$_Vector_const_iterator@V?$_Vector_val@HV?$allocator@H@std@@@std@@@2@IABH@Z,0x9c0230,0x3a8
?_Ufill@?$vector@HV?$allocator@H@std@@@std@@IAEPAHPAHIPBH@Z,0x9cc180,0x31
?erase@?$vector@IV?$allocator@I@std@@@std@@QAE?AV?$_Vector_iterator@V?$_Vector_val@IV?$allocator@I@std@@@std@@@2@V?$_Vector_const_iterator@V?$_Vector_val@IV?$allocator@I@std@@@std@@@2@@Z,0x9e82e0,0x62
?push_back@?$vector@MV?$allocator@M@std@@@std@@QAEXABM@Z,0x9b85c0,0xfa
??0?$vector@_NV?$allocator@_N@std@@@std@@QAE@I_N@Z,0x9b3750,0x72
??0?$vector@_NV?$allocator@_N@std@@@std@@QAE@$$QAV01@@Z,0xa005a0,0x7a
??4?$vector@_NV?$allocator@_N@std@@@std@@QAEAAV01@$$QAV01@@Z,0x9f52e0,0x25
?_Assign_rv@?$vector@_NV?$allocator@_N@std@@@std@@QAEX$$QAV12@@Z,0x9f5eb0,0x90
??4?$vector@_NV?$allocator@_N@std@@@std@@QAEAAV01@ABV01@@Z,0x9b37f0,0x28
?end@?$vector@_NV?$allocator@_N@std@@@std@@QAE?AV?$_Vb_iterator@V?$allocator@_N@std@@@2@XZ,0x9bdb70,0x44
?_Make_iter@?$vector@_NV?$allocator@_N@std@@@std@@QAE?AV?$_Vb_iterator@V?$allocator@_N@std@@@2@V?$_Vb_const_iterator@V?$allocator@_N@std@@@2@@Z,0x9c3510,0x53
?get_allocator@?$vector@_NV?$allocator@_N@std@@@std@@QBE?AV?$allocator@_N@2@XZ,0x9f63b0,0x27
?at@?$vector@_NV?$allocator@_N@std@@@std@@QAE?AV?$_Vb_reference@V?$allocator@_N@std@@@2@I@Z,0x9b3850,0x4d
??A?$vector@_NV?$allocator@_N@std@@@std@@QBE_NI@Z,0x9e7c80,0x31
?back@?$vector@_NV?$allocator@_N@std@@@std@@QAE?AV?$_Vb_reference@V?$allocator@_N@std@@@2@XZ,0x9b38e0,0x36
?push_back@?$vector@_NV?$allocator@_N@std@@@std@@QAEX_N@Z,0x9b3920,0x3f
?assign@?$vector@_NV?$allocator@_N@std@@@std@@QAEXI_N@Z,0x9b3960,0x1e
?insert@?$vector@_NV?$allocator@_N@std@@@std@@QAE?AV?$_Vb_iterator@V?$allocator@_N@std@@@2@V?$_Vb_const_iterator@V?$allocator@_N@std@@@2@_N@Z,0x9b3980,0x5c
?erase@?$vector@_NV?$allocator@_N@std@@@std@@QAE?AV?$_Vb_iterator@V?$allocator@_N@std@@@2@V?$_Vb_const_iterator@V?$allocator@_N@std@@@2@0@Z,0x9bdbc0,0xcd
?clear@?$vector@_NV?$allocator@_N@std@@@std@@QAEXXZ,0x9b39e0,0x57
?swap@?$vector@_NV?$allocator@_N@std@@@std@@SAXV?$_Vb_reference@V?$allocator@_N@std@@@2@0@Z,0xa00ec0,0x2c
?_Assign_n@?$vector@_NV?$allocator@_N@std@@@std@@QAEXI_N@Z,0x9bdc90,0x89
?_Insert_n@?$vector@_NV?$allocator@_N@std@@@std@@QAEXV?$_Vb_const_iterator@V?$allocator@_N@std@@@2@I_N@Z,0x9bdd20,0x79
?_Xlen@?$vector@_NV?$allocator@_N@std@@@std@@QBEXXZ,0x9c36b0,0x16
?_Xran@?$vector@_NV?$allocator@_N@std@@@std@@QBEXXZ,0x9bde70,0x16
??4?$vector@V?$basic_string@DU?$char_traits@D@std@@V?$allocator@D@2@@std@@V?$allocator@V?$basic_string@DU?$char_traits@D@std@@V?$allocator@D@2@@std@@@2@@std@@QAEAAV01@ABV01@@Z,0x9b04c0,0x182
?resize@?$vector@V?$basic_string@DU?$char_traits@D@std@@V?$allocator@D@2@@std@@V?$allocator@V?$basic_string@DU?$char_traits@D@std@@V?$allocator@D@2@@std@@@2@@std@@QAEXI@Z,0x9bc1d0,0xc8
?at@?$vector@V?$basic_string@DU?$char_traits@D@std@@V?$allocator@D@2@@std@@V?$allocator@V?$basic_string@DU?$char_traits@D@std@@V?$allocator@D@2@@std@@@2@@std@@QBEABV?$basic_string@DU?$char_traits@D@std@@V?$allocator@D@2@@2@I@Z,0x9b0670,0x2d
?_Assign_n@?$vector@V?$basic_string@DU?$char_traits@D@std@@V?$allocator@D@2@@std@@V?$allocator@V?$basic_string@DU?$char_traits@D@std@@V?$allocator@D@2@@std@@@2@@std@@IAEXIABV?$basic_string@DU?$char_traits@D@std@@V?$allocator@D@2@@2@@Z,0x9bc340,0xc3
?_Assign_n@?$vector@V?$vector@V?$basic_string@DU?$char_traits@D@std@@V?$allocator@D@2@@std@@V?$allocator@V?$basic_string@DU?$char_traits@D@std@@V?$allocator@D@2@@std@@@2@@std@@V?$allocator@V?$vector@V?$basic_string@DU?$char_traits@D@std@@V?$allocator@D@2@@std@@V?$allocator@V?$basic_string@DU?$char_traits@D@std@@V?$allocator@D@2@@std@@@2@@std@@@2@@std@@IAEXIABV?$vector@V?$basic_string@DU?$char_traits@D@std@@V?$allocator@D@2@@std@@V?$allocator@V?$basic_string@DU?$char_traits@D@std@@V?$allocator@D@2@@std@@@2@@2@@Z,0x9bd6e0,0xb6
??0?$_Vb_val@V?$allocator@_N@std@@@std@@QAE@ABV01@@Z,0x9baeb0,0x28
?allocate@?$allocator@UE8_0@@@std@@QAEPAUE8_0@@I@Z,0x9c9700,0x1b
?max_size@?$allocator@UE14_0@@@std@@QBEIXZ,0x9cc9b0,0x2c
?max_size@?$allocator@UE18_0@@@std@@QBEIXZ,0x9eb740,0x2c
?max_size@?$allocator@UE20_0@@@std@@QBEIXZ,0x9ca220,0x2c
?max_size@?$allocator@UE24_0@@@std@@QBEIXZ,0x9c9d00,0x2c
?max_size@?$allocator@UE30_0@@@std@@QBEIXZ,0x9cb230,0x2c
?max_size@?$allocator@UE34_0@@@std@@QBEIXZ,0x9ca180,0x2c
?max_size@?$allocator@UE38_0@@@std@@QBEIXZ,0x9eb800,0x2c
?max_size@?$allocator@UE3c_0@@@std@@QBEIXZ,0x9eb6a0,0x2c
?max_size@?$allocator@UE40_0@@@std@@QBEIXZ,0x9eb790,0x2c
?max_size@?$allocator@UE48_0@@@std@@QBEIXZ,0x9eb6f0,0x2c
?max_size@?$allocator@UE60_0@@@std@@QBEIXZ,0x9c9d50,0x2c
?max_size@?$allocator@F@std@@QBEIXZ,0x9cc110,0x2c
??G?$_Vector_const_iterator@V?$_Vector_val@UE8_0@@V?$allocator@UE8_0@@@std@@@std@@@std@@QBE?AV01@H@Z,0x9b09b0,0x2d
??G?$_Vector_const_iterator@V?$_Vector_val@UEc_0@@V?$allocator@UEc_0@@@std@@@std@@@std@@QBEHABV01@@Z,0xa00720,0x2b
??G?$_Vector_const_iterator@V?$_Vector_val@UE10_0@@V?$allocator@UE10_0@@@std@@@std@@@std@@QBEHABV01@@Z,0xa01de0,0x26
??H?$_Vector_iterator@V?$_Vector_val@UE80_3@@V?$allocator@UE80_3@@@std@@@std@@@std@@QBE?AV01@H@Z,0x9b4540,0x2d
??G?$_Vector_iterator@V?$_Vector_val@UE80_3@@V?$allocator@UE80_3@@@std@@@std@@@std@@QBE?AV01@H@Z,0x9b4570,0x2d
??G?$_Vector_const_iterator@V?$_Vector_val@FV?$allocator@F@std@@@std@@@std@@QBEHABV01@@Z,0xa04330,0x25
??G?$_Vector_const_iterator@V?$_Vector_val@HV?$allocator@H@std@@@std@@@std@@QBEHABV01@@Z,0xa01e10,0x26
??G?$_Vb_iterator@V?$allocator@_N@std@@@std@@QBE?AV01@H@Z,0x9c1ef0,0x39
??G?$_Vb_iterator@V?$allocator@_N@std@@@std@@QBEHABV?$_Vb_const_iterator@V?$allocator@_N@std@@@1@@Z,0x9c7b90,0x19
??D?$_Vb_const_iterator@V?$allocator@_N@std@@@std@@QBE_NXZ,0x9ea380,0x20
??H?$_Vb_const_iterator@V?$allocator@_N@std@@@std@@QBE?AV01@H@Z,0x9ea3a0,0x39
??G?$_Vb_const_iterator@V?$allocator@_N@std@@@std@@QBEHABV01@@Z,0x9c1f30,0x35
??4?$_Vb_reference@V?$allocator@_N@std@@@std@@QAEAAV01@ABV01@@Z,0x9b3a40,0x21
??4?$_Vb_reference@V?$allocator@_N@std@@@std@@QAEAAV01@_N@Z,0x9b3a70,0x58
??Z?$_Vector_const_iterator@V?$_Vector_val@UE8_0@@V?$allocator@UE8_0@@@std@@@std@@@std@@QAEAAV01@H@Z,0x9bca30,0x1b
??E?$_Vector_const_iterator@V?$_Vector_val@UE14_0@@V?$allocator@UE14_0@@@std@@@std@@@std@@QAEAAV01@XZ,0x9fce30,0x1b
??E?$_Vector_const_iterator@V?$_Vector_val@UE40_0@@V?$allocator@UE40_0@@@std@@@std@@@std@@QAEAAV01@XZ,0x9c1ac0,0x1b
??E?$_Vector_const_iterator@V?$_Vector_val@FV?$allocator@F@std@@@std@@@std@@QAEAAV01@XZ,0x9c78e0,0x1b
??Z?$_Vector_iterator@V?$_Vector_val@HV?$allocator@H@std@@@std@@@std@@QAEAAV01@H@Z,0x9c7e90,0x1b
??Z?$_Vb_iterator@V?$allocator@_N@std@@@std@@QAEAAV01@H@Z,0x9c7b70,0x1b
??8?$_Vb_const_iterator@V?$allocator@_N@std@@@std@@QBE_NABV01@@Z,0x9cbef0,0x48
??Y?$_Vector_iterator@V?$_Vector_val@V?$vector@HV?$allocator@H@std@@@std@@V?$allocator@V?$vector@HV?$allocator@H@std@@@std@@@2@@std@@@std@@QAEAAV01@H@Z,0x9ea480,0x1c
??Y?$_Vector_const_iterator@V?$_Vector_val@UE14_0@@V?$allocator@UE14_0@@@std@@@std@@@std@@QAEAAV01@H@Z,0x9eb5a0,0x20
??Y?$_Vector_const_iterator@V?$_Vector_val@UE18_0@@V?$allocator@UE18_0@@@std@@@std@@@std@@QAEAAV01@H@Z,0x9ebb30,0x20
??Y?$_Vector_const_iterator@V?$_Vector_val@UE1c_0@@V?$allocator@UE1c_0@@@std@@@std@@@std@@QAEAAV01@H@Z,0x9c4250,0x20
??Y?$_Vector_const_iterator@V?$_Vector_val@UE20_0@@V?$allocator@UE20_0@@@std@@@std@@@std@@QAEAAV01@H@Z,0x9cc8b0,0x20
??Y?$_Vector_const_iterator@V?$_Vector_val@UE24_0@@V?$allocator@UE24_0@@@std@@@std@@@std@@QAEAAV01@H@Z,0x9cc950,0x20
??Y?$_Vector_const_iterator@V?$_Vector_val@UE30_0@@V?$allocator@UE30_0@@@std@@@std@@@std@@QAEAAV01@H@Z,0x9cc990,0x20
??Y?$_Vector_const_iterator@V?$_Vector_val@UE34_0@@V?$allocator@UE34_0@@@std@@@std@@@std@@QAEAAV01@H@Z,0x9cc910,0x20
??Y?$_Vector_const_iterator@V?$_Vector_val@UE38_0@@V?$allocator@UE38_0@@@std@@@std@@@std@@QAEAAV01@H@Z,0x9cc970,0x20
??Y?$_Vector_const_iterator@V?$_Vector_val@UE3c_0@@V?$allocator@UE3c_0@@@std@@@std@@@std@@QAEAAV01@H@Z,0x9ebbc0,0x20
??Y?$_Vector_const_iterator@V?$_Vector_val@UE40_0@@V?$allocator@UE40_0@@@std@@@std@@@std@@QAEAAV01@H@Z,0x9ebb10,0x20
??Y?$_Vector_const_iterator@V?$_Vector_val@UE48_0@@V?$allocator@UE48_0@@@std@@@std@@@std@@QAEAAV01@H@Z,0x9ebb50,0x20
??Y?$_Vector_const_iterator@V?$_Vector_val@UE60_0@@V?$allocator@UE60_0@@@std@@@std@@@std@@QAEAAV01@H@Z,0x9cc8d0,0x20
??$?9UE8_0@@U0@@std@@YA_NABV?$allocator@UE8_0@@@0@0@Z,0x9d44e0,0x1f
??$_Copy_impl@PAUE8_0@@PAU1@@std@@YAPAUE8_0@@PAU1@00@Z,0x9e3660,0x34
??$_Uninitialized_default_fill_n@PAUE8_0@@IU1@V?$allocator@UE8_0@@@std@@@std@@YAXPAUE8_0@@IPBU1@AAV?$allocator@UE8_0@@@0@@Z,0x9e44c0,0x45
??$_Dest_val@V?$allocator@UE8_0@@@std@@UE8_0@@@std@@YAXAAV?$allocator@UE8_0@@@0@PAUE8_0@@@Z,0x9e4bd0,0x11
??$_Destroy_range@V?$allocator@UE8_0@@@std@@@std@@YAXPAUE8_0@@0AAV?$allocator@UE8_0@@@0@@Z,0x9e5000,0x34
??$_Cons_val@V?$allocator@UE100_1@@@std@@UE100_1@@ABU3@@std@@YAXAAV?$allocator@UE100_1@@@0@PAUE100_1@@ABU2@@Z,0x9e4180,0x1e
??$copy@V?$_Vb_iterator@V?$allocator@_N@std@@@std@@V12@@std@@YA?AV?$_Vb_iterator@V?$allocator@_N@std@@@0@V10@00@Z,0x9e45a0,0x8a
??$fill@V?$_Vb_iterator@V?$allocator@_N@std@@@std@@_N@std@@YAXV?$_Vb_iterator@V?$allocator@_N@std@@@0@0AB_N@Z,0x9e4630,0x4c
??$_Dest_val@V?$allocator@V?$vector@HV?$allocator@H@std@@@std@@@std@@V?$vector@HV?$allocator@H@std@@@2@@std@@YAXAAV?$allocator@V?$vector@HV?$allocator@H@std@@@std@@@0@PAV?$vector@HV?$allocator@H@std@@@0@@Z,0x9fbb70,0x11
??$_Dest_val@V?$allocator@V?$vector@V?$basic_string@DU?$char_traits@D@std@@V?$allocator@D@2@@std@@V?$allocator@V?$basic_string@DU?$char_traits@D@std@@V?$allocator@D@2@@std@@@2@@std@@@std@@V?$vector@V?$basic_string@DU?$char_traits@D@std@@V?$allocator@D@2@@std@@V?$allocator@V?$basic_string@DU?$char_traits@D@std@@V?$allocator@D@2@@std@@@2@@2@@std@@YAXAAV?$allocator@V?$vector@V?$basic_string@DU?$char_traits@D@std@@V?$allocator@D@2@@std@@V?$allocator@V?$basic_string@DU?$char_traits@D@std@@V?$allocator@D@2@@std@@@2@@std@@@0@PAV?$vector@V?$basic_string@DU?$char_traits@D@std@@V?$allocator@D@2@@std@@V?$allocator@V?$basic_string@DU?$char_traits@D@std@@V?$allocator@D@2@@std@@@2@@0@@Z,0x9fa070,0x11
??$_Allocate@UE14_0@@@std@@YAPAUE14_0@@IPAU1@@Z,0x9e6d40,0x5d
??$_Allocate@UE18_0@@@std@@YAPAUE18_0@@IPAU1@@Z,0x9f4480,0x5d
??$_Allocate@UE20_0@@@std@@YAPAUE20_0@@IPAU1@@Z,0x9e66c0,0x5d
??$_Allocate@UE24_0@@@std@@YAPAUE24_0@@IPAU1@@Z,0x9e6720,0x5d
??$_Allocate@UE30_0@@@std@@YAPAUE30_0@@IPAU1@@Z,0x9e6a50,0x5d
??$_Allocate@UE34_0@@@std@@YAPAUE34_0@@IPAU1@@Z,0x9e6600,0x5d
??$_Allocate@UE38_0@@@std@@YAPAUE38_0@@IPAU1@@Z,0x9e69f0,0x5d
??$_Allocate@UE3c_0@@@std@@YAPAUE3c_0@@IPAU1@@Z,0x9f43c0,0x5d
??$_Allocate@UE40_0@@@std@@YAPAUE40_0@@IPAU1@@Z,0x9f44e0,0x5d
??$_Allocate@UE48_0@@@std@@YAPAUE48_0@@IPAU1@@Z,0x9f4420,0x5d
??$_Allocate@UE60_0@@@std@@YAPAUE60_0@@IPAU1@@Z,0x9e6530,0x5d
??$_Allocate@F@std@@YAPAFIPAF@Z,0x9e6ba0,0x5c
?construct@?$allocator@UE8_0@@@std@@QAEXPAUE8_0@@ABU3@@Z,0x9e7950,0x1d
?destroy@?$allocator@UE8_0@@@std@@QAEXPAUE8_0@@@Z,0x9e7ff0,0x19
?construct@?$allocator@UEc_0@@@std@@QAEXPAUEc_0@@$$QAU3@@Z,0x9eff80,0x5a
?construct@?$allocator@UE10_1@@@std@@QAEXPAUE10_1@@$$QAU3@@Z,0x9e8050,0x85
?construct@?$allocator@UE14_1@@@std@@QAEXPAUE14_1@@$$QAU3@@Z,0xa001c0,0x85
?construct@?$allocator@UE18_0@@@std@@QAEXPAUE18_0@@$$QAU3@@Z,0x9fc230,0x6c
?construct@?$allocator@UE1c_1@@@std@@QAEXPAUE1c_1@@$$QAU3@@Z,0x9e7990,0x85
?construct@?$allocator@UE20_1@@@std@@QAEXPAUE20_1@@$$QAU3@@Z,0x9f0300,0x85
?construct@?$allocator@UE24_1@@@std@@QAEXPAUE24_1@@$$QAU3@@Z,0xa00330,0x85
?construct@?$allocator@UE30_1@@@std@@QAEXPAUE30_1@@$$QAU3@@Z,0x9e9000,0x85
?construct@?$allocator@UE38_1@@@std@@QAEXPAUE38_1@@$$QAU3@@Z,0x9f0690,0x85
?construct@?$allocator@UE3c_0@@@std@@QAEXPAUE3c_0@@$$QAU3@@Z,0xa01c20,0x57
?construct@?$allocator@UE40_1@@@std@@QAEXPAUE40_1@@$$QAU3@@Z,0xa002a0,0x85
?construct@?$allocator@UE48_0@@@std@@QAEXPAUE48_0@@$$QAU3@@Z,0x9fc1d0,0x57
?construct@?$allocator@UE60_1@@@std@@QAEXPAUE60_1@@$$QAU3@@Z,0x9f01e0,0x85
?construct@?$allocator@UE84_1@@@std@@QAEXPAUE84_1@@$$QAU3@@Z,0x9f0070,0x88
?construct@?$allocator@UEac_1@@@std@@QAEXPAUEac_1@@$$QAU3@@Z,0x9effe0,0x88
?construct@?$allocator@M@std@@QAEXPAM$$QAM@Z,0x9f0640,0x4e
??$_Uninitialized_copy@V?$_Vector_const_iterator@V?$_Vector_val@UE8_0@@V?$allocator@UE8_0@@@std@@@std@@@std@@PAUE8_0@@V?$allocator@UE8_0@@@2@@std@@YAPAUE8_0@@V?$_Vector_const_iterator@V?$_Vector_val@UE8_0@@V?$allocator@UE8_0@@@std@@@std@@@0@0PAU1@AAV?$allocator@UE8_0@@@0@@Z,0x9efdf0,0x38
??$_Uninitialized_move@PAUE8_0@@PAU1@V?$allocator@UE8_0@@@std@@@std@@YAPAUE8_0@@PAU1@00AAV?$allocator@UE8_0@@@0@@Z,0x9f13b0,0x45
??$_Move@PAUE8_0@@PAU1@@std@@YAPAUE8_0@@PAU1@00U_Nonscalar_ptr_iterator_tag@0@@Z,0x9f0fc0,0x3f
??$_Fill@PAUE8_0@@U1@@std@@YAXPAUE8_0@@0ABU1@@Z,0x9f2cc0,0x2a
??$_Copy_backward@PAUE8_0@@PAU1@@std@@YAPAUE8_0@@PAU1@00U_Nonscalar_ptr_iterator_tag@0@@Z,0x9f2cf0,0x34
??$_Copy_impl@PAUE8_2@@PAU1@@std@@YAPAUE8_2@@PAU1@00U_Nonscalar_ptr_iterator_tag@0@@Z,0x9efd30,0x32
??$_Fill@PAUE8_2@@U1@@std@@YAXPAUE8_2@@0ABU1@@Z,0x9f2970,0x26
??$_Copy_backward@PAUE8_2@@PAU1@@std@@YAPAUE8_2@@PAU1@00U_Nonscalar_ptr_iterator_tag@0@@Z,0x9f29a0,0x30
??$_Move@PAUEc_0@@PAU1@@std@@YAPAUEc_0@@PAU1@00U_Nonscalar_ptr_iterator_tag@0@@Z,0x9fc540,0x45
??$_Destroy_range@V?$allocator@UEc_0@@@std@@@std@@YAXPAUEc_0@@0AAV?$allocator@UEc_0@@@0@U_Nonscalar_ptr_iterator_tag@0@@Z,0x9f2570,0x2a
??$_Move@PAUEc_2@@PAU1@@std@@YAPAUEc_2@@PAU1@00U_Nonscalar_ptr_iterator_tag@0@@Z,0x9f1230,0x3b
??$_Destroy_range@V?$allocator@UE10_0@@@std@@@std@@YAXPAUE10_0@@0AAV?$allocator@UE10_0@@@0@U_Nonscalar_ptr_iterator_tag@0@@Z,0x9f1d70,0x2a
??$_Uninit_fill_n@PAUE10_0@@IU1@V?$allocator@UE10_0@@@std@@U1@@std@@YAXPAUE10_0@@IPBU1@AAV?$allocator@UE10_0@@@0@0U_Nonscalar_ptr_iterator_tag@0@@Z,0x9f3290,0xbd
??$_Copy_impl@PAUE10_2@@PAU1@@std@@YAPAUE10_2@@PAU1@00U_Nonscalar_ptr_iterator_tag@0@@Z,0x9efec0,0x32
??$_Move@PAUE10_2@@PAU1@@std@@YAPAUE10_2@@PAU1@00U_Nonscalar_ptr_iterator_tag@0@@Z,0x9f0bd0,0x3b
??$_Destroy_range@V?$allocator@UE14_0@@@std@@@std@@YAXPAUE14_0@@0AAV?$allocator@UE14_0@@@0@U_Nonscalar_ptr_iterator_tag@0@@Z,0x9f1710,0x2a
??$_Uninit_fill_n@PAUE14_0@@IU1@V?$allocator@UE14_0@@@std@@U1@@std@@YAXPAUE14_0@@IPBU1@AAV?$allocator@UE14_0@@@0@0U_Nonscalar_ptr_iterator_tag@0@@Z,0x9f3110,0xbd
??$_Copy_impl@PAUE14_2@@PAU1@@std@@YAPAUE14_2@@PAU1@00U_Nonscalar_ptr_iterator_tag@0@@Z,0x9fd160,0x32
??$_Destroy_range@V?$allocator@UE18_0@@@std@@@std@@YAXPAUE18_0@@0AAV?$allocator@UE18_0@@@0@U_Nonscalar_ptr_iterator_tag@0@@Z,0x9f20a0,0x2a
??$_Uninit_fill_n@PAUE1c_0@@IU1@V?$allocator@UE1c_0@@@std@@U1@@std@@YAXPAUE1c_0@@IPBU1@AAV?$allocator@UE1c_0@@@0@0U_Nonscalar_ptr_iterator_tag@0@@Z,0x9f12f0,0xbd
??$_Copy_impl@PAUE1c_2@@PAU1@@std@@YAPAUE1c_2@@PAU1@00U_Nonscalar_ptr_iterator_tag@0@@Z,0x9efb90,0x32
??$_Fill@PAUE1c_2@@U1@@std@@YAXPAUE1c_2@@0ABU1@@Z,0x9f0970,0x26
??$_Copy_backward@PAUE1c_2@@PAU1@@std@@YAPAUE1c_2@@PAU1@00U_Nonscalar_ptr_iterator_tag@0@@Z,0x9f09a0,0x30
??$_Uninit_def_fill_n@PAUE1c_3@@IU1@V?$allocator@UE1c_3@@@std@@U1@@std@@YAXPAUE1c_3@@IPBU1@AAV?$allocator@UE1c_3@@@0@0U_Nonscalar_ptr_iterator_tag@0@@Z,0x9f0800,0xed
??$_Destroy_range@V?$allocator@UE20_0@@@std@@@std@@YAXPAUE20_0@@0AAV?$allocator@UE20_0@@@0@U_Nonscalar_ptr_iterator_tag@0@@Z,0x9f1f40,0x2a
??$_Move@PAUE20_2@@PAU1@@std@@YAPAUE20_2@@PAU1@00U_Nonscalar_ptr_iterator_tag@0@@Z,0x9f0ea0,0x3b
??$_Destroy_range@V?$allocator@UE24_0@@@std@@@std@@YAXPAUE24_0@@0AAV?$allocator@UE24_0@@@0@U_Nonscalar_ptr_iterator_tag@0@@Z,0x9f1bf0,0x2a
??$_Move@PAUE24_2@@PAU1@@std@@YAPAUE24_2@@PAU1@00U_Nonscalar_ptr_iterator_tag@0@@Z,0x9f0c50,0x3b
??$_Destroy_range@V?$allocator@UE30_0@@@std@@@std@@YAXPAUE30_0@@0AAV?$allocator@UE30_0@@@0@U_Nonscalar_ptr_iterator_tag@0@@Z,0x9f24c0,0x2a
??$_Move@PAUE30_2@@PAU1@@std@@YAPAUE30_2@@PAU1@00U_Nonscalar_ptr_iterator_tag@0@@Z,0x9f1170,0x3b
??$_Destroy_range@V?$allocator@UE34_0@@@std@@@std@@YAXPAUE34_0@@0AAV?$allocator@UE34_0@@@0@U_Nonscalar_ptr_iterator_tag@0@@Z,0x9f1e40,0x2a
??$_Destroy_range@V?$allocator@UE38_0@@@std@@@std@@YAXPAUE38_0@@0AAV?$allocator@UE38_0@@@0@U_Nonscalar_ptr_iterator_tag@0@@Z,0x9f2440,0x2a
??$_Move@PAUE38_2@@PAU1@@std@@YAPAUE38_2@@PAU1@00U_Nonscalar_ptr_iterator_tag@0@@Z,0x9f1130,0x3b
??$_Destroy_range@V?$allocator@UE3c_0@@@std@@@std@@YAXPAUE3c_0@@0AAV?$allocator@UE3c_0@@@0@U_Nonscalar_ptr_iterator_tag@0@@Z,0x9f2040,0x2a
??$_Destroy_range@V?$allocator@UE40_0@@@std@@@std@@YAXPAUE40_0@@0AAV?$allocator@UE40_0@@@0@U_Nonscalar_ptr_iterator_tag@0@@Z,0x9f20d0,0x2a
??$_Move@PAUE40_2@@PAU1@@std@@YAPAUE40_2@@PAU1@00U_Nonscalar_ptr_iterator_tag@0@@Z,0x9f1960,0x3b
??$_Fill@PAUE40_2@@U1@@std@@YAXPAUE40_2@@0ABU1@@Z,0x9f2c00,0x26
??$_Copy_backward@PAUE40_2@@PAU1@@std@@YAPAUE40_2@@PAU1@00U_Nonscalar_ptr_iterator_tag@0@@Z,0x9f2c30,0x30
??$_Destroy_range@V?$allocator@UE48_0@@@std@@@std@@YAXPAUE48_0@@0AAV?$allocator@UE48_0@@@0@U_Nonscalar_ptr_iterator_tag@0@@Z,0x9f2070,0x2a
??$_Destroy_range@V?$allocator@UE60_0@@@std@@@std@@YAXPAUE60_0@@0AAV?$allocator@UE60_0@@@0@U_Nonscalar_ptr_iterator_tag@0@@Z,0x9f1cf0,0x2a
??$_Move@PAUE60_2@@PAU1@@std@@YAPAUE60_2@@PAU1@00U_Nonscalar_ptr_iterator_tag@0@@Z,0x9f0cd0,0x3b
??$_Move@PAUE6c_2@@PAU1@@std@@YAPAUE6c_2@@PAU1@00U_Nonscalar_ptr_iterator_tag@0@@Z,0x9f0c10,0x3b
??$_Destroy_range@V?$allocator@UE84_0@@@std@@@std@@YAXPAUE84_0@@0AAV?$allocator@UE84_0@@@0@U_Nonscalar_ptr_iterator_tag@0@@Z,0x9f1af0,0x2c
??$_Destroy_range@V?$allocator@UEac_0@@@std@@@std@@YAXPAUEac_0@@0AAV?$allocator@UEac_0@@@0@U_Nonscalar_ptr_iterator_tag@0@@Z,0x9f1a70,0x2c
??$_Uninit_fill_n@FIFF@std@@YAXPAFIPBFAAV?$allocator@F@0@0U_Scalar_ptr_iterator_tag@0@@Z,0x9f25d0,0x19
??$_Uninit_def_fill_n@HIHH@std@@YAXPAHIPBHAAV?$allocator@H@0@0U_Scalar_ptr_iterator_tag@0@@Z,0x9f09d0,0x23
??$_Fill@PAHH@std@@YAXPAH0ABH@Z,0x9f2ec0,0x24
??$_Copy_backward@PAHPAH@std@@YAPAHPAH00U_Scalar_ptr_iterator_tag@0@@Z,0x9f2ef0,0x3f
??$_Fill@PAMM@std@@YAXPAM0ABM@Z,0x9f2e90,0x24
??$_Unchecked@V?$_Vb_iterator@V?$allocator@_N@std@@@std@@@std@@YA?AV?$_Vb_iterator@V?$allocator@_N@std@@@0@V10@@Z,0x9f0b10,0x16
??$_Copy_impl@V?$_Vb_iterator@V?$allocator@_N@std@@@std@@V12@@std@@YA?AV?$_Vb_iterator@V?$allocator@_N@std@@@0@V10@00@Z,0x9f0b30,0x47
??$_Fill@V?$_Vb_iterator@V?$allocator@_N@std@@@std@@_N@std@@YAXV?$_Vb_iterator@V?$allocator@_N@std@@@0@0AB_N@Z,0x9f0b80,0x43
??$_Copy_impl@PAV?$vector@HV?$allocator@H@std@@@std@@PAV12@@std@@YAPAV?$vector@HV?$allocator@H@std@@@0@PAV10@00U_Nonscalar_ptr_iterator_tag@0@@Z,0x9f05a0,0x32
??$_Fill@PAV?$vector@HV?$allocator@H@std@@@std@@V12@@std@@YAXPAV?$vector@HV?$allocator@H@std@@@0@0ABV10@@Z,0x9f2f30,0x26
??$_Copy_backward@PAV?$vector@HV?$allocator@H@std@@@std@@PAV12@@std@@YAPAV?$vector@HV?$allocator@H@std@@@0@PAV10@00U_Nonscalar_ptr_iterator_tag@0@@Z,0x9f2f60,0x30
??$_Destroy@UE8_3@@@std@@YAXPAUE8_3@@@Z,0x9f3c60,0xf
??$_Construct@UEc_0@@ABU1@@std@@YAXPAUEc_0@@ABU1@@Z,0x9f3960,0x5b
??$_Construct@UE18_0@@ABU1@@std@@YAXPAUE18_0@@ABU1@@Z,0x9fc7a0,0x6d
??$_Construct@UE20_1@@ABU1@@std@@YAXPAUE20_1@@ABU1@@Z,0x9f3ee0,0x86
??$_Construct@UE24_1@@ABU1@@std@@YAXPAUE24_1@@ABU1@@Z,0x9f3b80,0x86
??$_Construct@UE38_1@@ABU1@@std@@YAXPAUE38_1@@ABU1@@Z,0x9f41e0,0x86
??$_Construct@UE3c_0@@ABU1@@std@@YAXPAUE3c_0@@ABU1@@Z,0x9fc6e0,0x58
??$_Construct@UE48_0@@ABU1@@std@@YAXPAUE48_0@@ABU1@@Z,0x9fc740,0x58
??$_Construct@UE60_1@@ABU1@@std@@YAXPAUE60_1@@ABU1@@Z,0x9f3c70,0x86
??$_Construct@UE84_1@@ABU1@@std@@YAXPAUE84_1@@ABU1@@Z,0x9f3a50,0x89
??$_Construct@UEac_1@@ABU1@@std@@YAXPAUEac_1@@ABU1@@Z,0x9f39c0,0x89
??$_Construct@MABM@std@@YAXPAMABM@Z,0x9f4190,0x4f
??_G?$vector@V?$basic_string@DU?$char_traits@D@std@@V?$allocator@D@2@@std@@V?$allocator@V?$basic_string@DU?$char_traits@D@std@@V?$allocator@D@2@@std@@@2@@std@@QAEPAXI@Z,0x9ffe20,0x2d
?_Inc@?$_Vb_const_iterator@V?$allocator@_N@std@@@std@@QAEXXZ,0x9f63e0,0x3c
??$_Uninit_copy@PAUEc_0@@PAU1@V?$allocator@UEc_0@@@std@@@std@@YAPAUEc_0@@PAU1@00AAV?$allocator@UEc_0@@@0@U_Nonscalar_ptr_iterator_tag@0@@Z,0x9fa590,0xc2
??$_Uninit_move@PAUE10_0@@PAU1@V?$allocator@UE10_0@@@std@@U1@@std@@YAPAUE10_0@@PAU1@00AAV?$allocator@UE10_0@@@0@0U_Nonscalar_ptr_iterator_tag@0@@Z,0x9fabc0,0xc2
??$_Uninit_copy@PAUE14_0@@PAU1@V?$allocator@UE14_0@@@std@@@std@@YAPAUE14_0@@PAU1@00AAV?$allocator@UE14_0@@@0@U_Nonscalar_ptr_iterator_tag@0@@Z,0x9fbd90,0xc2
??$_Uninit_copy@PAUE18_0@@PAU1@V?$allocator@UE18_0@@@std@@@std@@YAPAUE18_0@@PAU1@00AAV?$allocator@UE18_0@@@0@U_Nonscalar_ptr_iterator_tag@0@@Z,0x9ff3f0,0xc2
??$_Uninit_copy@PAUE1c_0@@PAU1@V?$allocator@UE1c_0@@@std@@@std@@YAPAUE1c_0@@PAU1@00AAV?$allocator@UE1c_0@@@0@U_Nonscalar_ptr_iterator_tag@0@@Z,0x9f9dd0,0xc2
??$_Uninit_copy@PAUE20_0@@PAU1@V?$allocator@UE20_0@@@std@@@std@@YAPAUE20_0@@PAU1@00AAV?$allocator@UE20_0@@@0@U_Nonscalar_ptr_iterator_tag@0@@Z,0x9faf00,0xc2
??$_Uninit_copy@PAUE24_0@@PAU1@V?$allocator@UE24_0@@@std@@@std@@YAPAUE24_0@@PAU1@00AAV?$allocator@UE24_0@@@0@U_Nonscalar_ptr_iterator_tag@0@@Z,0x9fa910,0xc2
??$_Uninit_copy@PAUE30_0@@PAU1@V?$allocator@UE30_0@@@std@@@std@@YAPAUE30_0@@PAU1@00AAV?$allocator@UE30_0@@@0@U_Nonscalar_ptr_iterator_tag@0@@Z,0x9fb4b0,0xc2
??$_Uninit_copy@PAUE34_0@@PAU1@V?$allocator@UE34_0@@@std@@@std@@YAPAUE34_0@@PAU1@00AAV?$allocator@UE34_0@@@0@U_Nonscalar_ptr_iterator_tag@0@@Z,0x9fad60,0xc2
??$_Uninit_copy@PAUE38_0@@PAU1@V?$allocator@UE38_0@@@std@@@std@@YAPAUE38_0@@PAU1@00AAV?$allocator@UE38_0@@@0@U_Nonscalar_ptr_iterator_tag@0@@Z,0x9fb3c0,0xc2
??$_Uninit_copy@PAUE3c_0@@PAU1@V?$allocator@UE3c_0@@@std@@@std@@YAPAUE3c_0@@PAU1@00AAV?$allocator@UE3c_0@@@0@U_Nonscalar_ptr_iterator_tag@0@@Z,0x9ff320,0xc2
??$_Uninit_copy@PAUE40_0@@PAU1@V?$allocator@UE40_0@@@std@@@std@@YAPAUE40_0@@PAU1@00AAV?$allocator@UE40_0@@@0@U_Nonscalar_ptr_iterator_tag@0@@Z,0x9ff660,0xc2
??$_Uninit_copy@PAUE48_0@@PAU1@V?$allocator@UE48_0@@@std@@@std@@YAPAUE48_0@@PAU1@00AAV?$allocator@UE48_0@@@0@U_Nonscalar_ptr_iterator_tag@0@@Z,0x9ff4c0,0xc2
??$_Uninit_copy@PAUE60_0@@PAU1@V?$allocator@UE60_0@@@std@@@std@@YAPAUE60_0@@PAU1@00AAV?$allocator@UE60_0@@@0@U_Nonscalar_ptr_iterator_tag@0@@Z,0x9faad0,0xc2
??$_Uninit_copy@PAUE84_0@@PAU1@V?$allocator@UE84_0@@@std@@@std@@YAPAUE84_0@@PAU1@00AAV?$allocator@UE84_0@@@0@U_Nonscalar_ptr_iterator_tag@0@@Z,0x9fa750,0xcb
??$_Uninit_copy@PAUEac_0@@PAU1@V?$allocator@UEac_0@@@std@@@std@@YAPAUEac_0@@PAU1@00AAV?$allocator@UEac_0@@@0@U_Nonscalar_ptr_iterator_tag@0@@Z,0x9fa660,0xcb
??$_Fill_n@PAMIM@std@@YAXPAMIABM@Z,0x9fc1a0,0x2b
??$_Copy_impl@V?$_Vb_iterator@V?$allocator@_N@std@@@std@@V12@@std@@YA?AV?$_Vb_iterator@V?$allocator@_N@std@@@0@V10@00U_Nonscalar_ptr_iterator_tag@0@@Z,0x9f9ea0,0x62
??$_Copy_backward@V?$_Vb_iterator@V?$allocator@_N@std@@@std@@V12@@std@@YA?AV?$_Vb_iterator@V?$allocator@_N@std@@@0@V10@00U_Nonscalar_ptr_iterator_tag@0@@Z,0x9fa090,0x5e
?_Dec@?$_Vb_const_iterator@V?$allocator@_N@std@@@std@@QAEXXZ,0x9fcfb0,0x3c
