Push_409990::operate,0x409990,0x21
Push_4099f0::operate,0x4099f0,0x31
Push_409a30::operate,0x409a30,0x31
Push_409a70::operate,0x409a70,0x31
Push_409ab0::operate,0x409ab0,0x33
Push_409af0::operate,0x409af0,0x33
Push_409ff0::operate,0x409ff0,0x1e
Push_40a010::operate,0x40a010,0x1e
Push_40a030::operate,0x40a030,0x23
Push_40a060::operate,0x40a060,0x29
Push_40a090::operate,0x40a090,0x2e
Push_40a2a0::operate,0x40a2a0,0x29
Push_40a2d0::operate,0x40a2d0,0x25
Push_40a300::operate,0x40a300,0x2b
Push_40a720::operate,0x40a720,0x3e
Push_40a760::operate,0x40a760,0x38
Push_40a7a0::operate,0x40a7a0,0x3a
Push_40a840::operate,0x40a840,0x30
Push_40a870::operate,0x40a870,0x35
Push_40ac20::operate,0x40ac20,0x1a
Push_40ac40::operate,0x40ac40,0x1b
Push_40afb0::operate,0x40afb0,0x4d
Push_40b3a0::operate,0x40b3a0,0x4e
Push_40b670::operate,0x40b670,0x19
Push_40b690::operate,0x40b690,0x1a
Push_40bc40::operate,0x40bc40,0x6f
Push_40bdd0::operate,0x40bdd0,0x51
Push_40bef0::operate,0x40bef0,0x21
Push_40bf50::operate,0x40bf50,0x29
Push_40c490::operate,0x40c490,0x21
Push_40c4c0::operate,0x40c4c0,0x1e
Push_40c4e0::operate,0x40c4e0,0x1e
Push_416710::operate,0x416710,0x1f
Push_41a760::operate,0x41a760,0x1d
Push_41a800::operate,0x41a800,0x1f
Push_41a820::operate,0x41a820,0x22
Push_421650::operate,0x421650,0x2c
Push_448060::operate,0x448060,0x1f
Push_453b40::operate,0x453b40,0x21
Push_455da0::operate,0x455da0,0x2a
Push_456170::operate,0x456170,0x4a
Push_456940::operate,0x456940,0x33
Push_457130::operate,0x457130,0x22
Push_457860::operate,0x457860,0x14
Push_457970::operate,0x457970,0x14
Push_459890::operate,0x459890,0x1b
Push_45b950::operate,0x45b950,0x28
Push_45b9e0::operate,0x45b9e0,0x14
Push_45c590::operate,0x45c590,0x14
Push_45c5b0::operate,0x45c5b0,0x14
Push_45de70::operate,0x45de70,0x2f
Push_45dea0::operate,0x45dea0,0x1f
Push_45df50::operate,0x45df50,0x18
Push_45e080::operate,0x45e080,0x1c
Push_45e0a0::operate,0x45e0a0,0x33
Push_45e440::operate,0x45e440,0x1c
Push_45e480::operate,0x45e480,0x1c
Push_45e510::operate,0x45e510,0x17
Push_45f0a0::operate,0x45f0a0,0x1e
Push_45fac0::operate,0x45fac0,0x1e
Push_45fce0::operate,0x45fce0,0x27
Push_460dd0::operate,0x460dd0,0x2b
Push_4657c0::operate,0x4657c0,0x20
Push_4657e0::operate,0x4657e0,0x1d
Push_465a70::operate,0x465a70,0x20
Push_46c9f0::operate,0x46c9f0,0x21
Push_46ca20::operate,0x46ca20,0x21
Push_46ca50::operate,0x46ca50,0x26
Push_46d1b0::operate,0x46d1b0,0x3c
Push_46d320::operate,0x46d320,0x35
Push_46ed20::operate,0x46ed20,0x18
Push_470b90::operate,0x470b90,0x1c
Push_49aa00::operate,0x49aa00,0x1c
Push_49b5b0::operate,0x49b5b0,0x25
Push_4a9370::operate,0x4a9370,0x28
Push_4a9c90::operate,0x4a9c90,0x1f
Push_4aeac0::operate,0x4aeac0,0x16
Push_4b1480::operate,0x4b1480,0x1c
Push_4c1860::operate,0x4c1860,0x17
Push_578070::operate,0x578070,0x14
Push_5fda70::operate,0x5fda70,0x37
Push_5fdab0::operate,0x5fdab0,0x28
Push_66b640::operate,0x66b640,0x1f
Predicate_409b90::test,0x409b90,0x3c
Predicate_409bd0::test,0x409bd0,0x3c
Predicate_409cb0::test,0x409cb0,0x37
Predicate_409cf0::test,0x409cf0,0x37
Predicate_409d30::test,0x409d30,0x31
Predicate_40a7e0::test,0x40a7e0,0x58
Predicate_40b700::test,0x40b700,0x4d
Predicate_454c20::test,0x454c20,0x4e
Predicate_45b910::test,0x45b910,0x36
Predicate_45e380::test,0x45e380,0x36
Predicate_45e820::test,0x45e820,0x32
Predicate_49aa60::test,0x49aa60,0x38
Predicate_49aaa0::test,0x49aaa0,0x38
Predicate_49b570::test,0x49b570,0x38
Predicate_71cfb0::test,0x71cfb0,0x48
Calls_40b100::delegate,0x40b100,0x25
Calls_40b160::delegate,0x40b160,0x2b
Calls_40b300::delegate,0x40b300,0x30
Calls_40b330::delegate,0x40b330,0x28
Calls_40b3f0::delegate,0x40b3f0,0x28
Calls_40b420::delegate,0x40b420,0x28
Calls_40b450::delegate,0x40b450,0x28
Calls_40c7b0::delegate,0x40c7b0,0x46
Calls_40c800::delegate,0x40c800,0x1c
Calls_410d90::delegate,0x410d90,0x16
Calls_410db0::delegate,0x410db0,0x1f
Calls_415c60::delegate,0x415c60,0x33
Calls_415ca0::delegate,0x415ca0,0x36
Calls_416ad0::delegate,0x416ad0,0x4c
Calls_416b20::delegate,0x416b20,0x1b
Calls_4176e0::delegate,0x4176e0,0x20
Calls_417780::delegate,0x417780,0x1c
Calls_4225c0::delegate,0x4225c0,0x2c
Calls_425ab0::delegate,0x425ab0,0x2f
Calls_425b50::delegate,0x425b50,0x58
Calls_426b60::delegate,0x426b60,0x29
Calls_432460::delegate,0x432460,0x26
Calls_447e20::delegate,0x447e20,0x22
Calls_447e50::delegate,0x447e50,0x44
Calls_448160::delegate,0x448160,0x22
Calls_448a10::delegate,0x448a10,0x2f
Calls_448aa0::delegate,0x448aa0,0x9d
Calls_448c00::delegate,0x448c00,0x37
Calls_448e60::delegate,0x448e60,0x6c
Calls_4492b0::delegate,0x4492b0,0x56
Calls_4493c0::delegate,0x4493c0,0x5a
Calls_4533e0::delegate,0x4533e0,0x1c
Calls_453400::delegate,0x453400,0x1c
Calls_453420::delegate,0x453420,0x1c
Calls_453bc0::delegate,0x453bc0,0x36
Calls_454d70::delegate,0x454d70,0x1c
Calls_454fe0::delegate,0x454fe0,0x21
Calls_4557d0::delegate,0x4557d0,0x43
Calls_455820::delegate,0x455820,0x59
Calls_455950::delegate,0x455950,0x1c
Calls_455bd0::delegate,0x455bd0,0x3e
Calls_455dd0::delegate,0x455dd0,0x24
Calls_456200::delegate,0x456200,0x2c
Calls_456230::delegate,0x456230,0x29
Calls_456260::delegate,0x456260,0x1e
Calls_456980::delegate,0x456980,0x16
Calls_457920::delegate,0x457920,0x16
Calls_459380::delegate,0x459380,0x2d
Calls_4593b0::delegate,0x4593b0,0x1c
Calls_4593d0::delegate,0x4593d0,0x1c
Calls_459410::delegate,0x459410,0x29
Calls_459440::delegate,0x459440,0x2d
Calls_459470::delegate,0x459470,0x41
Calls_4594c0::delegate,0x4594c0,0x29
Calls_459520::delegate,0x459520,0x1c
Calls_459540::delegate,0x459540,0x27
Calls_45a010::delegate,0x45a010,0x25
Calls_45c2e0::delegate,0x45c2e0,0x5f
Calls_45e530::delegate,0x45e530,0x2a
Calls_45f020::delegate,0x45f020,0x16
Calls_45f0c0::delegate,0x45f0c0,0x42
Calls_45faa0::delegate,0x45faa0,0x16
Calls_45fe00::delegate,0x45fe00,0x73
Calls_45ff70::delegate,0x45ff70,0x25
Calls_460010::delegate,0x460010,0x2e
Calls_460720::delegate,0x460720,0x37
Calls_460860::delegate,0x460860,0x42
Calls_460d00::delegate,0x460d00,0x30
Calls_460e00::delegate,0x460e00,0x48
Calls_461390::delegate,0x461390,0x21
Calls_4614b0::delegate,0x4614b0,0x34
Calls_461700::delegate,0x461700,0x23
Calls_461f50::delegate,0x461f50,0x34
Calls_465a10::delegate,0x465a10,0x1f
Calls_466470::delegate,0x466470,0x21
Calls_4664a0::delegate,0x4664a0,0x1e
Calls_4664c0::delegate,0x4664c0,0x21
Calls_4664f0::delegate,0x4664f0,0x1e
Calls_466510::delegate,0x466510,0x21
Calls_466540::delegate,0x466540,0x1e
Calls_466560::delegate,0x466560,0x21
Calls_466590::delegate,0x466590,0x1e
Calls_4665b0::delegate,0x4665b0,0x21
Calls_4665e0::delegate,0x4665e0,0x1e
Calls_466600::delegate,0x466600,0x21
Calls_466630::delegate,0x466630,0x1e
Calls_466670::delegate,0x466670,0x21
Calls_4666a0::delegate,0x4666a0,0x1e
Calls_4666c0::delegate,0x4666c0,0x16
Calls_4666e0::delegate,0x4666e0,0x21
Calls_466710::delegate,0x466710,0x1e
Calls_46cb90::delegate,0x46cb90,0x2c
Calls_46cc60::delegate,0x46cc60,0x29
Calls_46d360::delegate,0x46d360,0x52
Calls_46d3c0::delegate,0x46d3c0,0x28
Calls_46df70::delegate,0x46df70,0x4d
Calls_46e740::delegate,0x46e740,0x2b
Calls_46eb20::delegate,0x46eb20,0x42
Calls_471250::delegate,0x471250,0x41
Calls_472c70::delegate,0x472c70,0x1b
Calls_48c3c0::delegate,0x48c3c0,0x21
Calls_48e8b0::delegate,0x48e8b0,0x2d
Calls_48f7a0::delegate,0x48f7a0,0x26
Calls_492c00::delegate,0x492c00,0x34
Calls_4968e0::delegate,0x4968e0,0x36
Calls_49b650::delegate,0x49b650,0x1f
Calls_49cd70::delegate,0x49cd70,0x2d
Calls_4a8fc0::delegate,0x4a8fc0,0x15
Calls_4a9120::delegate,0x4a9120,0x27
Calls_4a9210::delegate,0x4a9210,0x1e
Calls_4a9bb0::delegate,0x4a9bb0,0x36
Calls_4a9c60::delegate,0x4a9c60,0x26
Calls_4aa510::delegate,0x4aa510,0x1b
Calls_4aa790::delegate,0x4aa790,0x26
Calls_4aa7c0::delegate,0x4aa7c0,0x36
Calls_4ae410::delegate,0x4ae410,0x1a
Calls_4ae4f0::delegate,0x4ae4f0,0x1a
Calls_4b0df0::delegate,0x4b0df0,0x2a
Calls_4b1b90::delegate,0x4b1b90,0x2a
Calls_4b3cf0::delegate,0x4b3cf0,0x3a
Calls_4b9ed0::delegate,0x4b9ed0,0x21
Calls_4bf280::delegate,0x4bf280,0x72
Calls_4c1430::delegate,0x4c1430,0x29
Calls_4c9b00::delegate,0x4c9b00,0x3a
Calls_4cb8d0::delegate,0x4cb8d0,0x21
Calls_4ccd70::delegate,0x4ccd70,0x42
Calls_4cd540::delegate,0x4cd540,0x21
Calls_577fb0::delegate,0x577fb0,0x15
Calls_57a0c0::delegate,0x57a0c0,0x21
Calls_5de7b0::delegate,0x5de7b0,0x47
Calls_71cf70::delegate,0x71cf70,0x35
Calls_7908a0::delegate,0x7908a0,0x2f
Calls_79c7b0::delegate,0x79c7b0,0x21
Calls_7b46b0::delegate,0x7b46b0,0x32
Calls_7d7970::delegate,0x7d7970,0x26
Calls_7f2100::delegate,0x7f2100,0x26
Calls_819cb0::delegate,0x819cb0,0x27
Calls_87b2d0::delegate,0x87b2d0,0x29
Calls_882d60::delegate,0x882d60,0x31
Calls_88ba90::delegate,0x88ba90,0x1e
Calls_88e340::delegate,0x88e340,0x1e
Calls_8fb9f0::delegate,0x8fb9f0,0x21
Calls_960b60::delegate,0x960b60,0x20
Calls_96cc00::delegate,0x96cc00,0x2d
Push_46de70::operate,0x46de70,0x48
Push_46dec0::operate,0x46dec0,0x48
Push_49ab00::operate,0x49ab00,0x1e
Push_49be20::operate,0x49be20,0x4e
Push_4ab6b0::operate,0x4ab6b0,0x1b
Push_4aeb30::operate,0x4aeb30,0x1b
Push_4afcc0::operate,0x4afcc0,0x1e
Push_4b1460::operate,0x4b1460,0x1e
Push_4b1b30::operate,0x4b1b30,0x1b
Calls_4977a0::delegate,0x4977a0,0x28
Calls_497f20::delegate,0x497f20,0x28
Calls_498470::delegate,0x498470,0x28
PushGeometry::less,0x409c10,0x48
PushGeometry::greater,0x409c60,0x48
PushGeometry::adjacent,0x409dd0,0x4e
PushGeometry::contains,0x409d70,0x52
PushGeometry::distance,0x409f80,0x2e
PushGeometry::distanceTo,0x409fb0,0x33
PushRectangle::area,0x40ad00,0x32
PushCoord::subtract,0x409b30,0x30
PushCoord::add,0x409b60,0x30
PushBounds::topLeft,0x40a970,0x25
PushBounds::topRight,0x40ac60,0x2f
PushBounds::bottomLeft,0x40ac90,0x2f
PushBounds::bottomRight,0x40acc0,0x39
PushBounds::center,0x40ad40,0x3b
