# op_a: hand-matched functions in [0x400000,0x440000)
physfsrwops_seek,0x403540,0x1a1
physfsrwops_read,0x4036f0,0x75
physfsrwops_write,0x403770,0x64
physfsrwops_close,0x4037e0,0x4b
create_rwops,0x403830,0x6e
PHYSFSRWOPS_makeRWops,0x4038a0,0x37
PHYSFSRWOPS_openRead,0x4038e0,0x1b
PHYSFSRWOPS_openWrite,0x403900,0x1b
PHYSFSRWOPS_openAppend,0x403920,0x1b
PhysfsDirectory::PhysfsDirectory,0x403940,0x32
PhysfsWrapper::PhysfsWrapper,0x403980,0x26
PhysfsWrapper::getBaseDir,0x4041a0,0x2e
PhysfsWrapper::setArchiveExt,0x4041d0,0x5b
PhysfsWrapper::addToSearchPath,0x404230,0x87
PhysfsWrapper::addArchive,0x4042c0,0x93
PhysfsWrapper::archiveIsValid,0x404360,0xd0
PhysfsWrapper::exists,0x404430,0x34
PhysfsWrapper::getFileList,0x404470,0x3a5
PhysfsWrapper::getFileTree,0x404820,0x2c7
XResourceMgr::XResourceMgr,0x414ef0,0x181
XResourceMgr::setArchiveExt,0x415080,0x6d
XResourceMgr::archiveIsValid,0x415510,0x7e
XResourceMgr::fileExists,0x415590,0x79
XResourceMgr::getFileList,0x415610,0xa1
XResourceMgr::getFileTree,0x4156c0,0x9f
JLog::init,0x410710,0xf6
JLog::begin,0x410dd0,0x7d
JLog::end,0x410e50,0x3a
JLog::info,0x410e90,0x7d
JLog::notice,0x410f10,0x7d
JLog::warning,0x410f90,0x7d
JLog::error,0x411010,0x7d
JLog::fatal,0x411090,0x7d
logWarning,0x404e50,0xb8
logError,0x404f10,0xb8
logFatal,0x404fd0,0xb8
?logMessage@@YAXV?$basic_string@DU?$char_traits@D@std@@V?$allocator@D@2@@std@@0@Z,0x404bf0,0xb8
?logNotice@@YAXV?$basic_string@DU?$char_traits@D@std@@V?$allocator@D@2@@std@@0@Z,0x404d20,0xb8
?logInfo@@YAXV?$basic_string@DU?$char_traits@D@std@@V?$allocator@D@2@@std@@0@Z,0x405090,0xb8
?logMessage@@YAXV?$basic_string@DU?$char_traits@D@std@@V?$allocator@D@2@@std@@@Z,0x404cb0,0x69
?logNotice@@YAXV?$basic_string@DU?$char_traits@D@std@@V?$allocator@D@2@@std@@@Z,0x404de0,0x69
?logInfo@@YAXV?$basic_string@DU?$char_traits@D@std@@V?$allocator@D@2@@std@@@Z,0x405150,0x69
