# op_d: op worker d, range 0x5e0000-0x7c0000 (src/op/op_d_*.cpp)
Cell::unknown66aed0,0x66aed0,0x76
Cell::unknown66afe0,0x66afe0,0x8c
Cell::unknown66b070,0x66b070,0xa4
Cell::unknown66b120,0x66b120,0x48
Cell::unknown66b1c0,0x66b1c0,0x85
Cell::unknown66b250,0x66b250,0x107
Cell::unknown66b360,0x66b360,0x62
Cell::unknown66b3d0,0x66b3d0,0x8b
Cell::unknown66b460,0x66b460,0x44
Cell::unknown66b4b0,0x66b4b0,0x57
Cell::unknown66b510,0x66b510,0x4b
Cell::unknown66b560,0x66b560,0x48
Cell::unknown66b5b0,0x66b5b0,0x83
Cell::unknown66b780,0x66b780,0x16d
Cell::setEntity,0x66b8f0,0x1f7
Cell::clearEntity,0x66baf0,0x200
CellTerrainRecord::CellTerrainRecord,0x6698e0,0x30b
??0Cell@@QAE@PAUCellTerrainRecord@@@Z,0x669bf0,0x142
Cell::save,0x669d40,0x140
??0Cell@@QAE@AAV?$basic_istream@DU?$char_traits@D@std@@@std@@@Z,0x669e80,0x1c8
Cell::unknown66a630,0x66a630,0x47
Cell::getColor,0x66a680,0x1ae
Cell::getAscii,0x66a830,0x171
Cell::getAsciiAlt,0x66a9b0,0x171
Cell::removeProp,0x66c100,0x18d
Cell::unknown66d470,0x66d470,0x63
Cell::addItem,0x66bcf0,0x324
