# op_h: recovered exact STL matches, freshly rebuilt and jointly verified; excludes already mapped exe addresses
??_Gbad_alloc@std@@UAEPAXI@Z,0x9e7060,0x2d
??_GOpH_CDA10_1@@QAEPAXI@Z,0x9e7090,0x2d
??_GOpH_CDA10_2@@QAEPAXI@Z,0x9e70c0,0x2d
??_GOpH_CDA20_0@@QAEPAXI@Z,0x9e70f0,0x2d
??_GOpH_CDA20_1@@QAEPAXI@Z,0x9e7120,0x2d
??_GOpH_CDA24_0@@QAEPAXI@Z,0x9e7150,0x2d
??_GOpH_CDA24_1@@QAEPAXI@Z,0x9e7180,0x2d
??_GOpH_CDA18_0@@QAEPAXI@Z,0x9e71b0,0x2d
??_GOpH_CDA18_1@@QAEPAXI@Z,0x9e71e0,0x2d
?_Assign_rv@?$vector@UOpH_P8_0@@V?$allocator@UOpH_P8_0@@@std@@@std@@QAEX$$QAV12@@Z,0x9eb020,0xf1
?_Assign_rv@?$vector@UOpH_P8_1@@V?$allocator@UOpH_P8_1@@@std@@@std@@QAEX$$QAV12@@Z,0x9f6260,0xf1
?max_size@?$vector@UOpH_P8_0@@V?$allocator@UOpH_P8_0@@@std@@@std@@QBEIXZ,0x9f51b0,0x16
?back@?$vector@UOpH_P8_0@@V?$allocator@UOpH_P8_0@@@std@@@std@@QAEAAUOpH_P8_0@@XZ,0x9e8c10,0x2d
?insert@?$vector@UOpH_P8_0@@V?$allocator@UOpH_P8_0@@@std@@@std@@QAEXV?$_Vector_const_iterator@V?$_Vector_val@UOpH_P8_0@@V?$allocator@UOpH_P8_0@@@std@@@std@@@2@IABUOpH_P8_0@@@Z,0x9f68b0,0x21
?clear@?$vector@UOpH_P8_0@@V?$allocator@UOpH_P8_0@@@std@@@std@@QAEXXZ,0x9f5f40,0x43
?clear@?$vector@UOpH_P8_1@@V?$allocator@UOpH_P8_1@@@std@@@std@@QAEXXZ,0x9f5f90,0x43
??G?$_Vector_const_iterator@V?$_Vector_val@UOpH_P8_0@@V?$allocator@UOpH_P8_0@@@std@@@std@@@std@@QBE?AV01@H@Z,0x9e97f0,0x2d
??H?$_Vector_iterator@V?$_Vector_val@UOpH_P8_0@@V?$allocator@UOpH_P8_0@@@std@@@std@@@std@@QBE?AV01@H@Z,0x9e98b0,0x2d
??G?$_Vector_iterator@V?$_Vector_val@UOpH_P8_0@@V?$allocator@UOpH_P8_0@@@std@@@std@@@std@@QBE?AV01@H@Z,0x9ea410,0x2d
??D?$_Vector_iterator@V?$_Vector_val@UOpH_P8_0@@V?$allocator@UOpH_P8_0@@@std@@@std@@@std@@QBEAAUOpH_P8_0@@XZ,0x9e76e0,0x13
??D?$_Vector_iterator@V?$_Vector_val@UOpH_Pc_0@@V?$allocator@UOpH_Pc_0@@@std@@@std@@@std@@QBEAAUOpH_Pc_0@@XZ,0x9e7830,0x13
??E?$_Vector_iterator@V?$_Vector_val@UOpH_P8_0@@V?$allocator@UOpH_P8_0@@@std@@@std@@@std@@QAEAAV01@XZ,0x9e76c0,0x16
??E?$_Vector_iterator@V?$_Vector_val@UOpH_P8_1@@V?$allocator@UOpH_P8_1@@@std@@@std@@@std@@QAEAAV01@XZ,0x9eb660,0x16
??E?$_Vector_iterator@V?$_Vector_val@UOpH_Pc_0@@V?$allocator@UOpH_Pc_0@@@std@@@std@@@std@@QAEAAV01@XZ,0x9eb990,0x16
??E?$_Vector_iterator@V?$_Vector_val@UOpH_Pc_1@@V?$allocator@UOpH_Pc_1@@@std@@@std@@@std@@QAEAAV01@XZ,0x9eb9f0,0x16
??E?$_Vector_iterator@V?$_Vector_val@UOpH_P10_0@@V?$allocator@UOpH_P10_0@@@std@@@std@@@std@@QAEAAV01@XZ,0x9f5290,0x16
??E?$_Vector_iterator@V?$_Vector_val@UOpH_CDA10_0@@V?$allocator@UOpH_CDA10_0@@@std@@@std@@@std@@QAEAAV01@XZ,0xa03450,0x16
??0?$reverse_iterator@V?$_Vector_iterator@V?$_Vector_val@UOpH_P8_0@@V?$allocator@UOpH_P8_0@@@std@@@std@@@std@@@std@@QAE@V?$_Vector_iterator@V?$_Vector_val@UOpH_P8_0@@V?$allocator@UOpH_P8_0@@@std@@@std@@@1@@Z,0x9ea460,0x1c
??0?$reverse_iterator@V?$_Vector_iterator@V?$_Vector_val@UOpH_P8_1@@V?$allocator@UOpH_P8_1@@@std@@@std@@@std@@@std@@QAE@V?$_Vector_iterator@V?$_Vector_val@UOpH_P8_1@@V?$allocator@UOpH_P8_1@@@std@@@std@@@1@@Z,0x9eba10,0x1c
??0?$reverse_iterator@V?$_Vector_const_iterator@V?$_Vector_val@UOpH_P8_1@@V?$allocator@UOpH_P8_1@@@std@@@std@@@std@@@std@@QAE@V?$_Vector_const_iterator@V?$_Vector_val@UOpH_P8_1@@V?$allocator@UOpH_P8_1@@@std@@@std@@@1@@Z,0x9f4d50,0x1c
??Z?$_Vector_const_iterator@V?$_Vector_val@UOpH_P8_0@@V?$allocator@UOpH_P8_0@@@std@@@std@@@std@@QAEAAV01@H@Z,0x9eb560,0x1b
??Z?$_Vector_const_iterator@V?$_Vector_val@UOpH_P8_1@@V?$allocator@UOpH_P8_1@@@std@@@std@@@std@@QAEAAV01@H@Z,0x9eb5e0,0x1b
??$_Ucopy@PAUOpH_P8_0@@@?$vector@UOpH_P8_0@@V?$allocator@UOpH_P8_0@@@std@@@std@@IAEPAUOpH_P8_0@@PAU2@00@Z,0x9e4420,0x28
??$_Cons_val@V?$allocator@UOpH_P8_0@@@std@@UOpH_P8_0@@U3@@std@@YAXAAV?$allocator@UOpH_P8_0@@@0@PAUOpH_P8_0@@$$QAU2@@Z,0x9fc0e0,0x1e
??$_Cons_val@V?$allocator@UOpH_P8_0@@@std@@UOpH_P8_0@@AAU3@@std@@YAXAAV?$allocator@UOpH_P8_0@@@0@PAUOpH_P8_0@@AAU2@@Z,0x9fc100,0x1e
??$_Cons_val@V?$allocator@UOpH_P8_0@@@std@@UOpH_P8_0@@ABU3@@std@@YAXAAV?$allocator@UOpH_P8_0@@@0@PAUOpH_P8_0@@ABU2@@Z,0x9fc120,0x1e
??$_Cons_val@V?$allocator@UOpH_P8_1@@@std@@UOpH_P8_1@@U3@@std@@YAXAAV?$allocator@UOpH_P8_1@@@0@PAUOpH_P8_1@@$$QAU2@@Z,0x9fc160,0x1e
??$_Cons_val@V?$allocator@UOpH_P8_1@@@std@@UOpH_P8_1@@AAU3@@std@@YAXAAV?$allocator@UOpH_P8_1@@@0@PAUOpH_P8_1@@AAU2@@Z,0x9fc180,0x1e
??$_Uninitialized_default_fill_n@PAUOpH_P8_0@@IU1@V?$allocator@UOpH_P8_0@@@std@@@std@@YAXPAUOpH_P8_0@@IPBU1@AAV?$allocator@UOpH_P8_0@@@0@@Z,0x9e4e80,0x45
??$_Uninitialized_fill_n@PAUOpH_P8_0@@IU1@V?$allocator@UOpH_P8_0@@@std@@@std@@YAXPAUOpH_P8_0@@IPBU1@AAV?$allocator@UOpH_P8_0@@@0@@Z,0x9e51d0,0x45
??$_Dest_val@V?$allocator@UOpH_Pc_0@@@std@@UOpH_Pc_0@@@std@@YAXAAV?$allocator@UOpH_Pc_0@@@0@PAUOpH_Pc_0@@@Z,0x9fa1d0,0x11
??$_Dest_val@V?$allocator@UOpH_Pc_1@@@std@@UOpH_Pc_1@@@std@@YAXAAV?$allocator@UOpH_Pc_1@@@0@PAUOpH_Pc_1@@@Z,0x9fa2d0,0x11
??$_Dest_val@V?$allocator@UOpH_P10_0@@@std@@UOpH_P10_0@@@std@@YAXAAV?$allocator@UOpH_P10_0@@@0@PAUOpH_P10_0@@@Z,0x9fa570,0x11
??$_Dest_val@V?$allocator@UOpH_P10_1@@@std@@UOpH_P10_1@@@std@@YAXAAV?$allocator@UOpH_P10_1@@@0@PAUOpH_P10_1@@@Z,0x9fa730,0x11
??$_Dest_val@V?$allocator@UOpH_CDA10_0@@@std@@UOpH_CDA10_0@@@std@@YAXAAV?$allocator@UOpH_CDA10_0@@@0@PAUOpH_CDA10_0@@@Z,0x9fa820,0x11
??$_Dest_val@V?$allocator@UOpH_CDA10_1@@@std@@UOpH_CDA10_1@@@std@@YAXAAV?$allocator@UOpH_CDA10_1@@@0@PAUOpH_CDA10_1@@@Z,0x9fa9e0,0x11
??$_Dest_val@V?$allocator@UOpH_CDA10_2@@@std@@UOpH_CDA10_2@@@std@@YAXAAV?$allocator@UOpH_CDA10_2@@@0@PAUOpH_CDA10_2@@@Z,0x9faba0,0x11
??$_Dest_val@V?$allocator@UOpH_CA10_0@@@std@@UOpH_CA10_0@@@std@@YAXAAV?$allocator@UOpH_CA10_0@@@0@PAUOpH_CA10_0@@@Z,0x9fb0a0,0x11
??$_Dest_val@V?$allocator@UOpH_CA10_1@@@std@@UOpH_CA10_1@@@std@@YAXAAV?$allocator@UOpH_CA10_1@@@0@PAUOpH_CA10_1@@@Z,0x9fb190,0x11
??$_Dest_val@V?$allocator@UOpH_CA10_2@@@std@@UOpH_CA10_2@@@std@@YAXAAV?$allocator@UOpH_CA10_2@@@0@PAUOpH_CA10_2@@@Z,0x9fb290,0x11
??$_Dest_val@V?$allocator@UOpH_C10_0@@@std@@UOpH_C10_0@@@std@@YAXAAV?$allocator@UOpH_C10_0@@@0@PAUOpH_C10_0@@@Z,0x9fb490,0x11
??$_Dest_val@V?$allocator@UOpH_C10_1@@@std@@UOpH_C10_1@@@std@@YAXAAV?$allocator@UOpH_C10_1@@@0@PAUOpH_C10_1@@@Z,0x9fb580,0x11
??$_Dest_val@V?$allocator@UOpH_C10_2@@@std@@UOpH_C10_2@@@std@@YAXAAV?$allocator@UOpH_C10_2@@@0@PAUOpH_C10_2@@@Z,0x9fb670,0x11
??$_Dest_val@V?$allocator@UOpH_CDA20_1@@@std@@UOpH_CDA20_1@@@std@@YAXAAV?$allocator@UOpH_CDA20_1@@@0@PAUOpH_CDA20_1@@@Z,0x9fbc60,0x11
??$_Dest_val@V?$allocator@UOpH_CDA24_0@@@std@@UOpH_CDA24_0@@@std@@YAXAAV?$allocator@UOpH_CDA24_0@@@0@PAUOpH_CDA24_0@@@Z,0x9fbc80,0x11
??$_Dest_val@V?$allocator@UOpH_CDA24_1@@@std@@UOpH_CDA24_1@@@std@@YAXAAV?$allocator@UOpH_CDA24_1@@@0@PAUOpH_CDA24_1@@@Z,0x9fbca0,0x11
??$_Dest_val@V?$allocator@UOpH_CDA18_1@@@std@@UOpH_CDA18_1@@@std@@YAXAAV?$allocator@UOpH_CDA18_1@@@0@PAUOpH_CDA18_1@@@Z,0x9fdb20,0x11
??$_Destroy_range@V?$allocator@UOpH_P8_0@@@std@@@std@@YAXPAUOpH_P8_0@@0AAV?$allocator@UOpH_P8_0@@@0@@Z,0x9e5190,0x34
??$_Destroy_range@V?$allocator@UOpH_P8_1@@@std@@@std@@YAXPAUOpH_P8_1@@0AAV?$allocator@UOpH_P8_1@@@0@@Z,0x9e5290,0x34
??$_Destroy_range@V?$allocator@UOpH_Pc_0@@@std@@@std@@YAXPAUOpH_Pc_0@@0AAV?$allocator@UOpH_Pc_0@@@0@@Z,0x9e5410,0x34
?construct@?$allocator@UOpH_Pc_0@@@std@@QAEXPAUOpH_Pc_0@@ABU3@@Z,0x9e7d40,0x1d
?construct@?$allocator@UOpH_Pc_1@@@std@@QAEXPAUOpH_Pc_1@@ABU3@@Z,0x9e7f00,0x1d
?construct@?$allocator@UOpH_P10_0@@@std@@QAEXPAUOpH_P10_0@@ABU3@@Z,0x9e8c40,0x1d
?construct@?$allocator@UOpH_P10_1@@@std@@QAEXPAUOpH_P10_1@@ABU3@@Z,0x9e8ea0,0x1d
?construct@?$allocator@UOpH_CDA10_0@@@std@@QAEXPAUOpH_CDA10_0@@ABU3@@Z,0x9f5970,0x1d
?construct@?$allocator@UOpH_CDA10_1@@@std@@QAEXPAUOpH_CDA10_1@@ABU3@@Z,0x9f5d20,0x1d
?construct@?$allocator@UOpH_CDA10_2@@@std@@QAEXPAUOpH_CDA10_2@@$$QAU3@@Z,0x9e92f0,0x85
?construct@?$allocator@UOpH_CA10_0@@@std@@QAEXPAUOpH_CA10_0@@$$QAU3@@Z,0x9e9760,0x85
?construct@?$allocator@UOpH_CA10_1@@@std@@QAEXPAUOpH_CA10_1@@$$QAU3@@Z,0x9f0270,0x85
?construct@?$allocator@UOpH_CA10_2@@@std@@QAEXPAUOpH_CA10_2@@$$QAU3@@Z,0x9f0510,0x85
?construct@?$allocator@UOpH_C10_0@@@std@@QAEXPAUOpH_C10_0@@$$QAU3@@Z,0x9f0720,0x85
?construct@?$allocator@UOpH_C10_1@@@std@@QAEXPAUOpH_C10_1@@$$QAU3@@Z,0x9f5a80,0x85
?construct@?$allocator@UOpH_C10_2@@@std@@QAEXPAUOpH_C10_2@@$$QAU3@@Z,0xa00130,0x85
??$_Uninitialized_copy@V?$_Vector_const_iterator@V?$_Vector_val@UOpH_P8_1@@V?$allocator@UOpH_P8_1@@@std@@@std@@@std@@PAUOpH_P8_1@@V?$allocator@UOpH_P8_1@@@2@@std@@YAPAUOpH_P8_1@@V?$_Vector_const_iterator@V?$_Vector_val@UOpH_P8_1@@V?$allocator@UOpH_P8_1@@@std@@@std@@@0@0PAU1@AAV?$allocator@UOpH_P8_1@@@0@@Z,0x9f0460,0x38
??$_Uninitialized_copy@PAUOpH_P8_1@@PAU1@V?$allocator@UOpH_P8_1@@@std@@@std@@YAPAUOpH_P8_1@@PAU1@00AAV?$allocator@UOpH_P8_1@@@0@@Z,0x9ff870,0x38
??$_Uninitialized_copy@PAUOpH_Pc_0@@PAU1@V?$allocator@UOpH_Pc_0@@@std@@@std@@YAPAUOpH_Pc_0@@PAU1@00AAV?$allocator@UOpH_Pc_0@@@0@@Z,0x9ff8b0,0x38
??$_Uninitialized_move@PAUOpH_P8_1@@PAU1@V?$allocator@UOpH_P8_1@@@std@@@std@@YAPAUOpH_P8_1@@PAU1@00AAV?$allocator@UOpH_P8_1@@@0@@Z,0x9f1400,0x45
??$_Uninitialized_move@PAUOpH_Pc_0@@PAU1@V?$allocator@UOpH_Pc_0@@@std@@@std@@YAPAUOpH_Pc_0@@PAU1@00AAV?$allocator@UOpH_Pc_0@@@0@@Z,0x9f1780,0x45
??$_Uninitialized_move@PAUOpH_Pc_1@@PAU1@V?$allocator@UOpH_Pc_1@@@std@@@std@@YAPAUOpH_Pc_1@@PAU1@00AAV?$allocator@UOpH_Pc_1@@@0@@Z,0x9f1b20,0x45
??$_Uninitialized_move@PAUOpH_P10_0@@PAU1@V?$allocator@UOpH_P10_0@@@std@@@std@@YAPAUOpH_P10_0@@PAU1@00AAV?$allocator@UOpH_P10_0@@@0@@Z,0x9f2210,0x45
??$_Destroy_range@V?$allocator@UOpH_P10_0@@@std@@@std@@YAXPAUOpH_P10_0@@0AAV?$allocator@UOpH_P10_0@@@0@U_Nonscalar_ptr_iterator_tag@0@@Z,0x9f1660,0x2a
??$_Destroy_range@V?$allocator@UOpH_P10_1@@@std@@@std@@YAXPAUOpH_P10_1@@0AAV?$allocator@UOpH_P10_1@@@0@U_Nonscalar_ptr_iterator_tag@0@@Z,0x9f1c70,0x2a
??$_Destroy_range@V?$allocator@UOpH_CDA10_1@@@std@@@std@@YAXPAUOpH_CDA10_1@@0AAV?$allocator@UOpH_CDA10_1@@@0@U_Nonscalar_ptr_iterator_tag@0@@Z,0x9f22a0,0x2a
??$_Destroy_range@V?$allocator@UOpH_CDA10_2@@@std@@@std@@YAXPAUOpH_CDA10_2@@0AAV?$allocator@UOpH_CDA10_2@@@0@U_Nonscalar_ptr_iterator_tag@0@@Z,0x9f23c0,0x2a
??$_Destroy_range@V?$allocator@UOpH_CA10_0@@@std@@@std@@YAXPAUOpH_CA10_0@@0AAV?$allocator@UOpH_CA10_0@@@0@U_Nonscalar_ptr_iterator_tag@0@@Z,0x9f2540,0x2a
??$_Destroy_range@V?$allocator@UOpH_CA10_1@@@std@@@std@@YAXPAUOpH_CA10_1@@0AAV?$allocator@UOpH_CA10_1@@@0@U_Nonscalar_ptr_iterator_tag@0@@Z,0x9f25a0,0x2a
??$_Destroy_range@V?$allocator@UOpH_CA10_2@@@std@@@std@@YAXPAUOpH_CA10_2@@0AAV?$allocator@UOpH_CA10_2@@@0@U_Nonscalar_ptr_iterator_tag@0@@Z,0x9f2880,0x2a
??$_Copy_impl@PAUOpH_CDA10_1@@PAU1@@std@@YAPAUOpH_CDA10_1@@PAU1@00U_Nonscalar_ptr_iterator_tag@0@@Z,0x9eff40,0x32
??$_Copy_impl@PAUOpH_CA10_0@@PAU1@@std@@YAPAUOpH_CA10_0@@PAU1@00U_Nonscalar_ptr_iterator_tag@0@@Z,0x9ff730,0x32
??$_Move@PAUOpH_CA10_2@@PAU1@@std@@YAPAUOpH_CA10_2@@PAU1@00U_Nonscalar_ptr_iterator_tag@0@@Z,0x9f0c90,0x3b
??$_Move@PAUOpH_CDA10_1@@PAU1@@std@@YAPAUOpH_CDA10_1@@PAU1@00U_Nonscalar_ptr_iterator_tag@0@@Z,0x9f0f80,0x3b
??$_Fill@PAUOpH_CA10_0@@U1@@std@@YAXPAUOpH_CA10_0@@0ABU1@@Z,0x9f2a20,0x26
??$_Copy_backward@PAUOpH_CA10_0@@PAU1@@std@@YAPAUOpH_CA10_0@@PAU1@00U_Nonscalar_ptr_iterator_tag@0@@Z,0x9f2a50,0x30
??$_Move@PAUOpH_CDA24_1@@PAU1@@std@@YAPAUOpH_CDA24_1@@PAU1@00U_Nonscalar_ptr_iterator_tag@0@@Z,0x9f0ee0,0x3b
??$_Destroy_range@V?$allocator@UOpH_CDA24_1@@@std@@@std@@YAXPAUOpH_CDA24_1@@0AAV?$allocator@UOpH_CDA24_1@@@0@U_Nonscalar_ptr_iterator_tag@0@@Z,0x9f1fc0,0x2a
??$_Construct@UOpH_CA10_2@@ABU1@@std@@YAXPAUOpH_CA10_2@@ABU1@@Z,0x9f3880,0x86
??$_Construct@UOpH_CA10_1@@ABU1@@std@@YAXPAUOpH_CA10_1@@ABU1@@Z,0x9f3d00,0x86
??$_Destroy@UOpH_CDA10_0@@@std@@YAXPAUOpH_CDA10_0@@@Z,0x9f3ed0,0xf
??$_Destroy@UOpH_CDA10_1@@@std@@YAXPAUOpH_CDA10_1@@@Z,0x9ff1d0,0xf
??$_Destroy@UOpH_CDA10_2@@@std@@YAXPAUOpH_CDA10_2@@@Z,0x9ff990,0xf
??$_Destroy@UOpH_CDA20_0@@@std@@YAXPAUOpH_CDA20_0@@@Z,0x9ffa30,0xf
??$_Construct@UOpH_CDA24_1@@ABU1@@std@@YAXPAUOpH_CDA24_1@@ABU1@@Z,0x9fc810,0x86
??0?$vector@UOpH_P8_0@@V?$allocator@UOpH_P8_0@@@std@@@std@@QAE@$$QAV01@@Z,0x9e9cb0,0x79
??0?$vector@UOpH_P8_1@@V?$allocator@UOpH_P8_1@@@std@@@std@@QAE@$$QAV01@@Z,0xa006a0,0x79
??4?$vector@UOpH_P8_1@@V?$allocator@UOpH_P8_1@@@std@@@std@@QAEAAV01@$$QAV01@@Z,0x9f5b40,0x25
??4?$vector@UOpH_P8_0@@V?$allocator@UOpH_P8_0@@@std@@@std@@QAEAAV01@$$QAV01@@Z,0x9f5cf0,0x25
?_Assign_rv@?$vector@UOpH_Pc_1@@V?$allocator@UOpH_Pc_1@@@std@@@std@@QAEX$$QAV12@@Z,0x9ea630,0xf1
?_Assign_rv@?$vector@UOpH_P10_0@@V?$allocator@UOpH_P10_0@@@std@@@std@@QAEX$$QAV12@@Z,0x9f5fe0,0xf1
?max_size@?$vector@UOpH_P8_1@@V?$allocator@UOpH_P8_1@@@std@@@std@@QBEIXZ,0x9ea920,0x16
?back@?$vector@UOpH_P8_1@@V?$allocator@UOpH_P8_1@@@std@@@std@@QAEAAUOpH_P8_1@@XZ,0x9e8770,0x2d
?_Grow_to@?$vector@UOpH_P8_0@@V?$allocator@UOpH_P8_0@@@std@@@std@@IBEII@Z,0x9eaca0,0x59
?_Grow_to@?$vector@UOpH_P8_1@@V?$allocator@UOpH_P8_1@@@std@@@std@@IBEII@Z,0x9eae70,0x59
?allocate@?$allocator@UOpH_P8_0@@@std@@QAEPAUOpH_P8_0@@I@Z,0x9eb720,0x1b
??G?$_Vector_const_iterator@V?$_Vector_val@UOpH_P8_1@@V?$allocator@UOpH_P8_1@@@std@@@std@@@std@@QBE?AV01@H@Z,0x9e9820,0x2d
??H?$_Vector_iterator@V?$_Vector_val@UOpH_P8_1@@V?$allocator@UOpH_P8_1@@@std@@@std@@@std@@QBE?AV01@H@Z,0x9ea4a0,0x2d
??0?$reverse_iterator@V?$_Vector_iterator@V?$_Vector_val@UOpH_Pc_0@@V?$allocator@UOpH_Pc_0@@@std@@@std@@@std@@@std@@QAE@V?$_Vector_iterator@V?$_Vector_val@UOpH_Pc_0@@V?$allocator@UOpH_Pc_0@@@std@@@std@@@1@@Z,0x9eba50,0x1c
??Z?$_Vector_const_iterator@V?$_Vector_val@UOpH_Pc_0@@V?$allocator@UOpH_Pc_0@@@std@@@std@@@std@@QAEAAV01@H@Z,0x9eb640,0x1b
??$_Umove@PAUOpH_P8_0@@@?$vector@UOpH_P8_0@@V?$allocator@UOpH_P8_0@@@std@@@std@@IAEPAUOpH_P8_0@@PAU2@00@Z,0x9e4de0,0x28
??$_Ucopy@V?$_Vector_const_iterator@V?$_Vector_val@UOpH_P8_1@@V?$allocator@UOpH_P8_1@@@std@@@std@@@std@@@?$vector@UOpH_P8_1@@V?$allocator@UOpH_P8_1@@@std@@@std@@IAEPAUOpH_P8_1@@V?$_Vector_const_iterator@V?$_Vector_val@UOpH_P8_1@@V?$allocator@UOpH_P8_1@@@std@@@std@@@1@0PAU2@@Z,0x9e4e10,0x28
??$_Ucopy@PAUOpH_P8_1@@@?$vector@UOpH_P8_1@@V?$allocator@UOpH_P8_1@@@std@@@std@@IAEPAUOpH_P8_1@@PAU2@00@Z,0x9e5120,0x28
??$_Umove@PAUOpH_P8_1@@@?$vector@UOpH_P8_1@@V?$allocator@UOpH_P8_1@@@std@@@std@@IAEPAUOpH_P8_1@@PAU2@00@Z,0x9e53e0,0x28
??$_Ucopy@V?$_Vector_const_iterator@V?$_Vector_val@UOpH_Pc_0@@V?$allocator@UOpH_Pc_0@@@std@@@std@@@std@@@?$vector@UOpH_Pc_0@@V?$allocator@UOpH_Pc_0@@@std@@@std@@IAEPAUOpH_Pc_0@@V?$_Vector_const_iterator@V?$_Vector_val@UOpH_Pc_0@@V?$allocator@UOpH_Pc_0@@@std@@@std@@@1@0PAU2@@Z,0x9e59b0,0x28
??$_Ucopy@PAUOpH_Pc_0@@@?$vector@UOpH_Pc_0@@V?$allocator@UOpH_Pc_0@@@std@@@std@@IAEPAUOpH_Pc_0@@PAU2@00@Z,0x9fc6b0,0x28
??$_Cons_val@V?$allocator@UOpH_Pc_0@@@std@@UOpH_Pc_0@@U3@@std@@YAXAAV?$allocator@UOpH_Pc_0@@@0@PAUOpH_Pc_0@@$$QAU2@@Z,0x9e41e0,0x1e
??$_Cons_val@V?$allocator@UOpH_Pc_0@@@std@@UOpH_Pc_0@@AAU3@@std@@YAXAAV?$allocator@UOpH_Pc_0@@@0@PAUOpH_Pc_0@@AAU2@@Z,0x9e4200,0x1e
??$_Cons_val@V?$allocator@UOpH_Pc_0@@@std@@UOpH_Pc_0@@ABU3@@std@@YAXAAV?$allocator@UOpH_Pc_0@@@0@PAUOpH_Pc_0@@ABU2@@Z,0x9e4310,0x1e
??$_Cons_val@V?$allocator@UOpH_Pc_1@@@std@@UOpH_Pc_1@@U3@@std@@YAXAAV?$allocator@UOpH_Pc_1@@@0@PAUOpH_Pc_1@@$$QAU2@@Z,0x9f4080,0x1e
??$_Cons_val@V?$allocator@UOpH_Pc_1@@@std@@UOpH_Pc_1@@AAU3@@std@@YAXAAV?$allocator@UOpH_Pc_1@@@0@PAUOpH_Pc_1@@AAU2@@Z,0x9f40a0,0x1e
??$_Cons_val@V?$allocator@UOpH_Pc_1@@@std@@UOpH_Pc_1@@ABU3@@std@@YAXAAV?$allocator@UOpH_Pc_1@@@0@PAUOpH_Pc_1@@ABU2@@Z,0x9f4120,0x1e
??$_Cons_val@V?$allocator@UOpH_P10_0@@@std@@UOpH_P10_0@@U3@@std@@YAXAAV?$allocator@UOpH_P10_0@@@0@PAUOpH_P10_0@@$$QAU2@@Z,0x9f4270,0x1e
??$_Cons_val@V?$allocator@UOpH_P10_0@@@std@@UOpH_P10_0@@AAU3@@std@@YAXAAV?$allocator@UOpH_P10_0@@@0@PAUOpH_P10_0@@AAU2@@Z,0x9fc140,0x1e
??$_Cons_val@V?$allocator@UOpH_P10_0@@@std@@UOpH_P10_0@@ABU3@@std@@YAXAAV?$allocator@UOpH_P10_0@@@0@PAUOpH_P10_0@@ABU2@@Z,0x9ff200,0x1e
??$_Cons_val@V?$allocator@UOpH_P10_1@@@std@@UOpH_P10_1@@U3@@std@@YAXAAV?$allocator@UOpH_P10_1@@@0@PAUOpH_P10_1@@$$QAU2@@Z,0x9ff260,0x1e
??$_Cons_val@V?$allocator@UOpH_P10_1@@@std@@UOpH_P10_1@@AAU3@@std@@YAXAAV?$allocator@UOpH_P10_1@@@0@PAUOpH_P10_1@@AAU2@@Z,0xa01790,0x1e
??$_Move@PAUOpH_P8_0@@PAU1@@std@@YAPAUOpH_P8_0@@PAU1@00@Z,0x9e4510,0x34
??$_Copy_backward@PAUOpH_P8_0@@PAU1@@std@@YAPAUOpH_P8_0@@PAU1@00@Z,0x9e4680,0x34
??$_Copy_impl@PAUOpH_P8_1@@PAU1@@std@@YAPAUOpH_P8_1@@PAU1@00@Z,0x9e4700,0x34
??$_Move@PAUOpH_P8_1@@PAU1@@std@@YAPAUOpH_P8_1@@PAU1@00@Z,0x9e4740,0x34
??$_Copy_backward@PAUOpH_P8_1@@PAU1@@std@@YAPAUOpH_P8_1@@PAU1@00@Z,0x9e48d0,0x34
??$_Copy_impl@PAUOpH_Pc_0@@PAU1@@std@@YAPAUOpH_Pc_0@@PAU1@00@Z,0x9e4910,0x34
??$_Move@PAUOpH_Pc_0@@PAU1@@std@@YAPAUOpH_Pc_0@@PAU1@00@Z,0x9e4a00,0x34
??$_Copy_backward@PAUOpH_Pc_0@@PAU1@@std@@YAPAUOpH_Pc_0@@PAU1@00@Z,0x9e4ad0,0x34
??$_Copy_impl@PAUOpH_Pc_1@@PAU1@@std@@YAPAUOpH_Pc_1@@PAU1@00@Z,0x9e6160,0x34
??$_Move@PAUOpH_Pc_1@@PAU1@@std@@YAPAUOpH_Pc_1@@PAU1@00@Z,0x9e67b0,0x34
??$_Copy_backward@PAUOpH_Pc_1@@PAU1@@std@@YAPAUOpH_Pc_1@@PAU1@00@Z,0x9e6b60,0x34
??$_Copy_impl@PAUOpH_P10_0@@PAU1@@std@@YAPAUOpH_P10_0@@PAU1@00@Z,0x9f45a0,0x34
??$_Move@PAUOpH_P10_0@@PAU1@@std@@YAPAUOpH_P10_0@@PAU1@00@Z,0x9fc590,0x34
??$_Destroy_range@V?$allocator@UOpH_P10_0@@@std@@@std@@YAXPAUOpH_P10_0@@0AAV?$allocator@UOpH_P10_0@@@0@@Z,0x9e5480,0x34
??$_Destroy_range@V?$allocator@UOpH_P10_1@@@std@@@std@@YAXPAUOpH_P10_1@@0AAV?$allocator@UOpH_P10_1@@@0@@Z,0x9e54f0,0x34
??$_Destroy_range@V?$allocator@UOpH_CDA10_0@@@std@@@std@@YAXPAUOpH_CDA10_0@@0AAV?$allocator@UOpH_CDA10_0@@@0@@Z,0x9e55d0,0x34
??$_Destroy_range@V?$allocator@UOpH_CDA10_1@@@std@@@std@@YAXPAUOpH_CDA10_1@@0AAV?$allocator@UOpH_CDA10_1@@@0@@Z,0x9e5750,0x34
??$_Destroy_range@V?$allocator@UOpH_CDA10_2@@@std@@@std@@YAXPAUOpH_CDA10_2@@0AAV?$allocator@UOpH_CDA10_2@@@0@@Z,0x9e57c0,0x34
??$_Destroy_range@V?$allocator@UOpH_CA10_0@@@std@@@std@@YAXPAUOpH_CA10_0@@0AAV?$allocator@UOpH_CA10_0@@@0@@Z,0x9e58b0,0x34
??$_Destroy_range@V?$allocator@UOpH_CA10_1@@@std@@@std@@YAXPAUOpH_CA10_1@@0AAV?$allocator@UOpH_CA10_1@@@0@@Z,0x9e5a20,0x34
??$_Destroy_range@V?$allocator@UOpH_CA10_2@@@std@@@std@@YAXPAUOpH_CA10_2@@0AAV?$allocator@UOpH_CA10_2@@@0@@Z,0x9e5b40,0x34
??$_Destroy_range@V?$allocator@UOpH_C10_0@@@std@@@std@@YAXPAUOpH_C10_0@@0AAV?$allocator@UOpH_C10_0@@@0@@Z,0x9e5c90,0x34
??$_Destroy_range@V?$allocator@UOpH_C10_1@@@std@@@std@@YAXPAUOpH_C10_1@@0AAV?$allocator@UOpH_C10_1@@@0@@Z,0x9e5cd0,0x34
??$_Destroy_range@V?$allocator@UOpH_C10_2@@@std@@@std@@YAXPAUOpH_C10_2@@0AAV?$allocator@UOpH_C10_2@@@0@@Z,0x9e5d10,0x34
??$_Destroy_range@V?$allocator@UOpH_CDA20_0@@@std@@@std@@YAXPAUOpH_CDA20_0@@0AAV?$allocator@UOpH_CDA20_0@@@0@@Z,0x9e5f60,0x34
??$fill@PAUOpH_P8_0@@U1@@std@@YAXPAUOpH_P8_0@@0ABU1@@Z,0x9e6130,0x2b
??$fill@PAUOpH_P8_1@@U1@@std@@YAXPAUOpH_P8_1@@0ABU1@@Z,0x9e6780,0x2b
??$fill@PAUOpH_Pc_0@@U1@@std@@YAXPAUOpH_Pc_0@@0ABU1@@Z,0x9e6b30,0x2b
?construct@?$allocator@UOpH_CDA10_2@@@std@@QAEXPAUOpH_CDA10_2@@ABU3@@Z,0x9e7d80,0x1d
?construct@?$allocator@UOpH_CA10_0@@@std@@QAEXPAUOpH_CA10_0@@ABU3@@Z,0x9e7e80,0x1d
?construct@?$allocator@UOpH_CA10_1@@@std@@QAEXPAUOpH_CA10_1@@ABU3@@Z,0x9e7fb0,0x1d
?construct@?$allocator@UOpH_CA10_2@@@std@@QAEXPAUOpH_CA10_2@@ABU3@@Z,0x9e8030,0x1d
?construct@?$allocator@UOpH_C10_0@@@std@@QAEXPAUOpH_C10_0@@ABU3@@Z,0x9e8240,0x1d
?construct@?$allocator@UOpH_C10_1@@@std@@QAEXPAUOpH_C10_1@@ABU3@@Z,0x9f58b0,0x1d
?destroy@?$allocator@UOpH_P8_0@@@std@@QAEXPAUOpH_P8_0@@@Z,0x9e8220,0x19
??0?$vector@UOpH_Pc_1@@V?$allocator@UOpH_Pc_1@@@std@@@std@@QAE@$$QAV01@@Z,0x9e99d0,0x79
??0?$vector@UOpH_P10_0@@V?$allocator@UOpH_P10_0@@@std@@@std@@QAE@$$QAV01@@Z,0xa00620,0x79
?back@?$vector@UOpH_Pc_0@@V?$allocator@UOpH_Pc_0@@@std@@@std@@QAEAAUOpH_Pc_0@@XZ,0x9e7d10,0x2d
?erase@?$vector@UOpH_P8_0@@V?$allocator@UOpH_P8_0@@@std@@@std@@QAE?AV?$_Vector_iterator@V?$_Vector_val@UOpH_P8_0@@V?$allocator@UOpH_P8_0@@@std@@@std@@@2@V?$_Vector_const_iterator@V?$_Vector_val@UOpH_P8_0@@V?$allocator@UOpH_P8_0@@@std@@@std@@@2@@Z,0x9e93d0,0x62
?erase@?$vector@UOpH_P8_1@@V?$allocator@UOpH_P8_1@@@std@@@std@@QAE?AV?$_Vector_iterator@V?$_Vector_val@UOpH_P8_1@@V?$allocator@UOpH_P8_1@@@std@@@std@@@2@V?$_Vector_const_iterator@V?$_Vector_val@UOpH_P8_1@@V?$allocator@UOpH_P8_1@@@std@@@std@@@2@0@Z,0x9eba70,0x91
?clear@?$vector@UOpH_Pc_0@@V?$allocator@UOpH_Pc_0@@@std@@@std@@QAEXXZ,0x9eb920,0x43
?erase@?$vector@UOpH_P10_1@@V?$allocator@UOpH_P10_1@@@std@@@std@@QAE?AV?$_Vector_iterator@V?$_Vector_val@UOpH_P10_1@@V?$allocator@UOpH_P10_1@@@std@@@std@@@2@V?$_Vector_const_iterator@V?$_Vector_val@UOpH_P10_1@@V?$allocator@UOpH_P10_1@@@std@@@std@@@2@@Z,0x9e7da0,0x62
??G?$_Vector_iterator@V?$_Vector_val@UOpH_P8_1@@V?$allocator@UOpH_P8_1@@@std@@@std@@@std@@QBE?AV01@H@Z,0x9ea500,0x2d
??$_Cons_val@V?$allocator@UOpH_P10_1@@@std@@UOpH_P10_1@@ABU3@@std@@YAXAAV?$allocator@UOpH_P10_1@@@0@PAUOpH_P10_1@@ABU2@@Z,0x9f4060,0x1e
?_Assign_rv@?$vector@UOpH_P10_1@@V?$allocator@UOpH_P10_1@@@std@@@std@@QAEX$$QAV12@@Z,0x9eb400,0xf1
?back@?$vector@UOpH_Pc_1@@V?$allocator@UOpH_Pc_1@@@std@@@std@@QAEAAUOpH_Pc_1@@XZ,0x9e8510,0x2d
??0?$vector@UOpH_P10_1@@V?$allocator@UOpH_P10_1@@@std@@@std@@QAE@$$QAV01@@Z,0x9ea2b0,0x79
??4?$vector@UOpH_P10_1@@V?$allocator@UOpH_P10_1@@@std@@@std@@QAEAAV01@$$QAV01@@Z,0x9f5dc0,0x25
??0?$vector@UOpH_CDA10_0@@V?$allocator@UOpH_CDA10_0@@@std@@@std@@QAE@$$QAV01@@Z,0x9f60e0,0x79
??4?$vector@UOpH_CDA10_0@@V?$allocator@UOpH_CDA10_0@@@std@@@std@@QAEAAV01@$$QAV01@@Z,0x9f5b10,0x25
?_Assign_rv@?$vector@UOpH_CDA10_0@@V?$allocator@UOpH_CDA10_0@@@std@@@std@@QAEX$$QAV12@@Z,0x9f6160,0xf1
?max_size@?$vector@UOpH_Pc_0@@V?$allocator@UOpH_Pc_0@@@std@@@std@@QBEIXZ,0x9ea8a0,0x16
?max_size@?$vector@UOpH_Pc_1@@V?$allocator@UOpH_Pc_1@@@std@@@std@@QBEIXZ,0x9eaab0,0x16
?back@?$vector@UOpH_Pc_1@@V?$allocator@UOpH_Pc_1@@@std@@@std@@QBEABUOpH_Pc_1@@XZ,0x9e83e0,0x2d
?back@?$vector@UOpH_P10_0@@V?$allocator@UOpH_P10_0@@@std@@@std@@QAEAAUOpH_P10_0@@XZ,0x9e8540,0x2d
?back@?$vector@UOpH_P10_0@@V?$allocator@UOpH_P10_0@@@std@@@std@@QBEABUOpH_P10_0@@XZ,0x9e88d0,0x2d
?_Grow_to@?$vector@UOpH_Pc_0@@V?$allocator@UOpH_Pc_0@@@std@@@std@@IBEII@Z,0x9ea8c0,0x59
?_Grow_to@?$vector@UOpH_Pc_1@@V?$allocator@UOpH_Pc_1@@@std@@@std@@IBEII@Z,0x9eaad0,0x59
?_Reserve@?$vector@UOpH_Pc_0@@V?$allocator@UOpH_Pc_0@@@std@@@std@@IAEXI@Z,0x9e9a50,0x61
?_Reserve@?$vector@UOpH_Pc_1@@V?$allocator@UOpH_Pc_1@@@std@@@std@@IAEXI@Z,0x9e9ac0,0x61
?_Reserve@?$vector@UOpH_P8_0@@V?$allocator@UOpH_P8_0@@@std@@@std@@IAEXI@Z,0x9e9b60,0x61
?_Reserve@?$vector@UOpH_P8_1@@V?$allocator@UOpH_P8_1@@@std@@@std@@IAEXI@Z,0x9e9bd0,0x61
?push_back@?$vector@UOpH_CDA24_0@@V?$allocator@UOpH_CDA24_0@@@std@@@std@@QAEXABUOpH_CDA24_0@@@Z,0x9e87a0,0xff
?_Reserve@?$vector@UOpH_P10_0@@V?$allocator@UOpH_P10_0@@@std@@@std@@IAEXI@Z,0x9e9c40,0x61
?_Reserve@?$vector@UOpH_P10_1@@V?$allocator@UOpH_P10_1@@@std@@@std@@IAEXI@Z,0x9e9d30,0x61
?push_back@?$vector@UOpH_P10_0@@V?$allocator@UOpH_P10_0@@@std@@@std@@QAEX$$QAUOpH_P10_0@@@Z,0x9e8a90,0x110
?_Reserve@?$vector@UOpH_CDA10_0@@V?$allocator@UOpH_CDA10_0@@@std@@@std@@IAEXI@Z,0x9e9da0,0x61
?push_back@?$vector@UOpH_P10_1@@V?$allocator@UOpH_P10_1@@@std@@@std@@QAEX$$QAUOpH_P10_1@@@Z,0x9e8d90,0x110
??4?$vector@UOpH_CDA10_1@@V?$allocator@UOpH_CDA10_1@@@std@@@std@@QAEAAV01@ABV01@@Z,0x9f5310,0x17d
?erase@?$vector@UOpH_CDA10_0@@V?$allocator@UOpH_CDA10_0@@@std@@@std@@QAE?AV?$_Vector_iterator@V?$_Vector_val@UOpH_CDA10_0@@V?$allocator@UOpH_CDA10_0@@@std@@@std@@@2@V?$_Vector_const_iterator@V?$_Vector_val@UOpH_CDA10_0@@V?$allocator@UOpH_CDA10_0@@@std@@@std@@@2@@Z,0x9e8100,0x62
?erase@?$vector@UOpH_CDA10_2@@V?$allocator@UOpH_CDA10_2@@@std@@@std@@QAE?AV?$_Vector_iterator@V?$_Vector_val@UOpH_CDA10_2@@V?$allocator@UOpH_CDA10_2@@@std@@@std@@@2@V?$_Vector_const_iterator@V?$_Vector_val@UOpH_CDA10_2@@V?$allocator@UOpH_CDA10_2@@@std@@@std@@@2@@Z,0x9e8ba0,0x62
?erase@?$vector@UOpH_CA10_0@@V?$allocator@UOpH_CA10_0@@@std@@@std@@QAE?AV?$_Vector_iterator@V?$_Vector_val@UOpH_CA10_0@@V?$allocator@UOpH_CA10_0@@@std@@@std@@@2@V?$_Vector_const_iterator@V?$_Vector_val@UOpH_CA10_0@@V?$allocator@UOpH_CA10_0@@@std@@@std@@@2@@Z,0x9e8d20,0x62
?erase@?$vector@UOpH_CA10_1@@V?$allocator@UOpH_CA10_1@@@std@@@std@@QAE?AV?$_Vector_iterator@V?$_Vector_val@UOpH_CA10_1@@V?$allocator@UOpH_CA10_1@@@std@@@std@@@2@V?$_Vector_const_iterator@V?$_Vector_val@UOpH_CA10_1@@V?$allocator@UOpH_CA10_1@@@std@@@std@@@2@@Z,0x9e95c0,0x62
?erase@?$vector@UOpH_CA10_2@@V?$allocator@UOpH_CA10_2@@@std@@@std@@QAE?AV?$_Vector_iterator@V?$_Vector_val@UOpH_CA10_2@@V?$allocator@UOpH_CA10_2@@@std@@@std@@@2@V?$_Vector_const_iterator@V?$_Vector_val@UOpH_CA10_2@@V?$allocator@UOpH_CA10_2@@@std@@@std@@@2@@Z,0x9e9680,0x62
?allocate@?$allocator@UOpH_P8_1@@@std@@QAEPAUOpH_P8_1@@I@Z,0x9eb680,0x1b
?allocate@?$allocator@UOpH_Pc_0@@@std@@QAEPAUOpH_Pc_0@@I@Z,0x9eb6d0,0x1b
?allocate@?$allocator@UOpH_Pc_1@@@std@@QAEPAUOpH_Pc_1@@I@Z,0x9eb770,0x1b
??G?$_Vector_const_iterator@V?$_Vector_val@UOpH_Pc_0@@V?$allocator@UOpH_Pc_0@@@std@@@std@@@std@@QBE?AV01@H@Z,0x9e9850,0x2d
??H?$_Vector_iterator@V?$_Vector_val@UOpH_Pc_0@@V?$allocator@UOpH_Pc_0@@@std@@@std@@@std@@QBE?AV01@H@Z,0x9ea330,0x2d
??G?$_Vector_iterator@V?$_Vector_val@UOpH_Pc_0@@V?$allocator@UOpH_Pc_0@@@std@@@std@@@std@@QBE?AV01@H@Z,0x9ea3e0,0x2d
??G?$_Vector_const_iterator@V?$_Vector_val@UOpH_Pc_1@@V?$allocator@UOpH_Pc_1@@@std@@@std@@@std@@QBE?AV01@H@Z,0x9ea4d0,0x2d
??D?$_Vector_iterator@V?$_Vector_val@UOpH_P10_1@@V?$allocator@UOpH_P10_1@@@std@@@std@@@std@@QBEAAUOpH_P10_1@@XZ,0x9f51d0,0x13
??E?$_Vector_iterator@V?$_Vector_val@UOpH_CDA10_1@@V?$allocator@UOpH_CDA10_1@@@std@@@std@@@std@@QAEAAV01@XZ,0x9ea250,0x16
??E?$_Vector_iterator@V?$_Vector_val@UOpH_CDA10_2@@V?$allocator@UOpH_CDA10_2@@@std@@@std@@@std@@QAEAAV01@XZ,0x9eb3e0,0x16
??E?$_Vector_iterator@V?$_Vector_val@UOpH_CA10_0@@V?$allocator@UOpH_CA10_0@@@std@@@std@@@std@@QAEAAV01@XZ,0x9f5df0,0x16
??E?$_Vector_iterator@V?$_Vector_val@UOpH_CA10_1@@V?$allocator@UOpH_CA10_1@@@std@@@std@@@std@@QAEAAV01@XZ,0x9f6360,0x16
??E?$_Vector_iterator@V?$_Vector_val@UOpH_CA10_2@@V?$allocator@UOpH_CA10_2@@@std@@@std@@@std@@QAEAAV01@XZ,0x9fcdd0,0x16
??0?$reverse_iterator@V?$_Vector_const_iterator@V?$_Vector_val@UOpH_Pc_0@@V?$allocator@UOpH_Pc_0@@@std@@@std@@@std@@@std@@QAE@V?$_Vector_const_iterator@V?$_Vector_val@UOpH_Pc_0@@V?$allocator@UOpH_Pc_0@@@std@@@std@@@1@@Z,0x9ea440,0x1c
??0?$reverse_iterator@V?$_Vector_iterator@V?$_Vector_val@UOpH_Pc_1@@V?$allocator@UOpH_Pc_1@@@std@@@std@@@std@@@std@@QAE@V?$_Vector_iterator@V?$_Vector_val@UOpH_Pc_1@@V?$allocator@UOpH_Pc_1@@@std@@@std@@@1@@Z,0x9eb970,0x1c
??Z?$_Vector_const_iterator@V?$_Vector_val@UOpH_Pc_1@@V?$allocator@UOpH_Pc_1@@@std@@@std@@@std@@QAEAAV01@H@Z,0x9eb520,0x1b
??0?$reverse_iterator@V?$_Vector_const_iterator@V?$_Vector_val@UOpH_Pc_1@@V?$allocator@UOpH_Pc_1@@@std@@@std@@@std@@@std@@QAE@V?$_Vector_const_iterator@V?$_Vector_val@UOpH_Pc_1@@V?$allocator@UOpH_Pc_1@@@std@@@std@@@1@@Z,0x9eb9b0,0x1c
??Z?$_Vector_iterator@V?$_Vector_val@UOpH_Pc_1@@V?$allocator@UOpH_Pc_1@@@std@@@std@@@std@@QAEAAV01@H@Z,0x9eb540,0x1b
??0?$reverse_iterator@V?$_Vector_iterator@V?$_Vector_val@UOpH_P10_0@@V?$allocator@UOpH_P10_0@@@std@@@std@@@std@@@std@@QAE@V?$_Vector_iterator@V?$_Vector_val@UOpH_P10_0@@V?$allocator@UOpH_P10_0@@@std@@@std@@@1@@Z,0x9eba30,0x1c
??Z?$_Vector_const_iterator@V?$_Vector_val@UOpH_P10_0@@V?$allocator@UOpH_P10_0@@@std@@@std@@@std@@QAEAAV01@H@Z,0x9eb620,0x1b
??$_Umove@PAUOpH_Pc_0@@@?$vector@UOpH_Pc_0@@V?$allocator@UOpH_Pc_0@@@std@@@std@@IAEPAUOpH_Pc_0@@PAU2@00@Z,0x9e4f90,0x28
??$_Ucopy@V?$_Vector_const_iterator@V?$_Vector_val@UOpH_Pc_1@@V?$allocator@UOpH_Pc_1@@@std@@@std@@@std@@@?$vector@UOpH_Pc_1@@V?$allocator@UOpH_Pc_1@@@std@@@std@@IAEPAUOpH_Pc_1@@V?$_Vector_const_iterator@V?$_Vector_val@UOpH_Pc_1@@V?$allocator@UOpH_Pc_1@@@std@@@std@@@1@0PAU2@@Z,0x9e5040,0x28
??$_Ucopy@PAUOpH_Pc_1@@@?$vector@UOpH_Pc_1@@V?$allocator@UOpH_Pc_1@@@std@@@std@@IAEPAUOpH_Pc_1@@PAU2@00@Z,0x9e50f0,0x28
??$_Umove@PAUOpH_Pc_1@@@?$vector@UOpH_Pc_1@@V?$allocator@UOpH_Pc_1@@@std@@@std@@IAEPAUOpH_Pc_1@@PAU2@00@Z,0x9e5220,0x28
??$_Ucopy@V?$_Vector_const_iterator@V?$_Vector_val@UOpH_P10_0@@V?$allocator@UOpH_P10_0@@@std@@@std@@@std@@@?$vector@UOpH_P10_0@@V?$allocator@UOpH_P10_0@@@std@@@std@@IAEPAUOpH_P10_0@@V?$_Vector_const_iterator@V?$_Vector_val@UOpH_P10_0@@V?$allocator@UOpH_P10_0@@@std@@@std@@@1@0PAU2@@Z,0x9e52d0,0x28
??$_Ucopy@PAUOpH_P10_0@@@?$vector@UOpH_P10_0@@V?$allocator@UOpH_P10_0@@@std@@@std@@IAEPAUOpH_P10_0@@PAU2@00@Z,0x9e5300,0x28
??$_Umove@PAUOpH_P10_0@@@?$vector@UOpH_P10_0@@V?$allocator@UOpH_P10_0@@@std@@@std@@IAEPAUOpH_P10_0@@PAU2@00@Z,0x9e5370,0x28
??$_Ucopy@V?$_Vector_const_iterator@V?$_Vector_val@UOpH_P10_1@@V?$allocator@UOpH_P10_1@@@std@@@std@@@std@@@?$vector@UOpH_P10_1@@V?$allocator@UOpH_P10_1@@@std@@@std@@IAEPAUOpH_P10_1@@V?$_Vector_const_iterator@V?$_Vector_val@UOpH_P10_1@@V?$allocator@UOpH_P10_1@@@std@@@std@@@1@0PAU2@@Z,0x9e5450,0x28
??$_Ucopy@PAUOpH_P10_1@@@?$vector@UOpH_P10_1@@V?$allocator@UOpH_P10_1@@@std@@@std@@IAEPAUOpH_P10_1@@PAU2@00@Z,0x9e54c0,0x28
??$_Umove@PAUOpH_P10_1@@@?$vector@UOpH_P10_1@@V?$allocator@UOpH_P10_1@@@std@@@std@@IAEPAUOpH_P10_1@@PAU2@00@Z,0x9e5530,0x28
??$_Ucopy@V?$_Vector_const_iterator@V?$_Vector_val@UOpH_CDA10_0@@V?$allocator@UOpH_CDA10_0@@@std@@@std@@@std@@@?$vector@UOpH_CDA10_0@@V?$allocator@UOpH_CDA10_0@@@std@@@std@@IAEPAUOpH_CDA10_0@@V?$_Vector_const_iterator@V?$_Vector_val@UOpH_CDA10_0@@V?$allocator@UOpH_CDA10_0@@@std@@@std@@@1@0PAU2@@Z,0x9e55a0,0x28
??$_Ucopy@PAUOpH_CDA10_0@@@?$vector@UOpH_CDA10_0@@V?$allocator@UOpH_CDA10_0@@@std@@@std@@IAEPAUOpH_CDA10_0@@PAU2@00@Z,0x9e5610,0x28
??$_Umove@PAUOpH_CDA10_0@@@?$vector@UOpH_CDA10_0@@V?$allocator@UOpH_CDA10_0@@@std@@@std@@IAEPAUOpH_CDA10_0@@PAU2@00@Z,0x9e5640,0x28
??$_Ucopy@V?$_Vector_const_iterator@V?$_Vector_val@UOpH_CDA10_1@@V?$allocator@UOpH_CDA10_1@@@std@@@std@@@std@@@?$vector@UOpH_CDA10_1@@V?$allocator@UOpH_CDA10_1@@@std@@@std@@IAEPAUOpH_CDA10_1@@V?$_Vector_const_iterator@V?$_Vector_val@UOpH_CDA10_1@@V?$allocator@UOpH_CDA10_1@@@std@@@std@@@1@0PAU2@@Z,0x9e56b0,0x28
??$_Ucopy@PAUOpH_CDA10_1@@@?$vector@UOpH_CDA10_1@@V?$allocator@UOpH_CDA10_1@@@std@@@std@@IAEPAUOpH_CDA10_1@@PAU2@00@Z,0x9e5720,0x28
??$_Umove@PAUOpH_CDA10_1@@@?$vector@UOpH_CDA10_1@@V?$allocator@UOpH_CDA10_1@@@std@@@std@@IAEPAUOpH_CDA10_1@@PAU2@00@Z,0x9e5790,0x28
??$_Ucopy@V?$_Vector_const_iterator@V?$_Vector_val@UOpH_CDA10_2@@V?$allocator@UOpH_CDA10_2@@@std@@@std@@@std@@@?$vector@UOpH_CDA10_2@@V?$allocator@UOpH_CDA10_2@@@std@@@std@@IAEPAUOpH_CDA10_2@@V?$_Vector_const_iterator@V?$_Vector_val@UOpH_CDA10_2@@V?$allocator@UOpH_CDA10_2@@@std@@@std@@@1@0PAU2@@Z,0x9e5800,0x28
??$_Ucopy@PAUOpH_CDA10_2@@@?$vector@UOpH_CDA10_2@@V?$allocator@UOpH_CDA10_2@@@std@@@std@@IAEPAUOpH_CDA10_2@@PAU2@00@Z,0x9e5980,0x28
??$_Umove@PAUOpH_CDA10_2@@@?$vector@UOpH_CDA10_2@@V?$allocator@UOpH_CDA10_2@@@std@@@std@@IAEPAUOpH_CDA10_2@@PAU2@00@Z,0x9e5a60,0x28
??$_Ucopy@V?$_Vector_const_iterator@V?$_Vector_val@UOpH_CA10_0@@V?$allocator@UOpH_CA10_0@@@std@@@std@@@std@@@?$vector@UOpH_CA10_0@@V?$allocator@UOpH_CA10_0@@@std@@@std@@IAEPAUOpH_CA10_0@@V?$_Vector_const_iterator@V?$_Vector_val@UOpH_CA10_0@@V?$allocator@UOpH_CA10_0@@@std@@@std@@@1@0PAU2@@Z,0x9e5b10,0x28
??$_Ucopy@PAUOpH_CA10_0@@@?$vector@UOpH_CA10_0@@V?$allocator@UOpH_CA10_0@@@std@@@std@@IAEPAUOpH_CA10_0@@PAU2@00@Z,0x9e5b80,0x28
??$_Umove@PAUOpH_CA10_0@@@?$vector@UOpH_CA10_0@@V?$allocator@UOpH_CA10_0@@@std@@@std@@IAEPAUOpH_CA10_0@@PAU2@00@Z,0x9e5bf0,0x28
??$_Ucopy@V?$_Vector_const_iterator@V?$_Vector_val@UOpH_CA10_1@@V?$allocator@UOpH_CA10_1@@@std@@@std@@@std@@@?$vector@UOpH_CA10_1@@V?$allocator@UOpH_CA10_1@@@std@@@std@@IAEPAUOpH_CA10_1@@V?$_Vector_const_iterator@V?$_Vector_val@UOpH_CA10_1@@V?$allocator@UOpH_CA10_1@@@std@@@std@@@1@0PAU2@@Z,0x9e5c60,0x28
??$_Ucopy@PAUOpH_CA10_1@@@?$vector@UOpH_CA10_1@@V?$allocator@UOpH_CA10_1@@@std@@@std@@IAEPAUOpH_CA10_1@@PAU2@00@Z,0x9e5d90,0x28
??$_Umove@PAUOpH_CA10_1@@@?$vector@UOpH_CA10_1@@V?$allocator@UOpH_CA10_1@@@std@@@std@@IAEPAUOpH_CA10_1@@PAU2@00@Z,0x9e5e00,0x28
??$_Ucopy@V?$_Vector_const_iterator@V?$_Vector_val@UOpH_CA10_2@@V?$allocator@UOpH_CA10_2@@@std@@@std@@@std@@@?$vector@UOpH_CA10_2@@V?$allocator@UOpH_CA10_2@@@std@@@std@@IAEPAUOpH_CA10_2@@V?$_Vector_const_iterator@V?$_Vector_val@UOpH_CA10_2@@V?$allocator@UOpH_CA10_2@@@std@@@std@@@1@0PAU2@@Z,0x9e5e30,0x28
??$_Ucopy@PAUOpH_CA10_2@@@?$vector@UOpH_CA10_2@@V?$allocator@UOpH_CA10_2@@@std@@@std@@IAEPAUOpH_CA10_2@@PAU2@00@Z,0x9e5ea0,0x28
??$_Umove@PAUOpH_CA10_2@@@?$vector@UOpH_CA10_2@@V?$allocator@UOpH_CA10_2@@@std@@@std@@IAEPAUOpH_CA10_2@@PAU2@00@Z,0x9e5ed0,0x28
??$_Ucopy@V?$_Vector_const_iterator@V?$_Vector_val@UOpH_C10_0@@V?$allocator@UOpH_C10_0@@@std@@@std@@@std@@@?$vector@UOpH_C10_0@@V?$allocator@UOpH_C10_0@@@std@@@std@@IAEPAUOpH_C10_0@@V?$_Vector_const_iterator@V?$_Vector_val@UOpH_C10_0@@V?$allocator@UOpH_C10_0@@@std@@@std@@@1@0PAU2@@Z,0x9e5f00,0x28
??$_Ucopy@PAUOpH_C10_0@@@?$vector@UOpH_C10_0@@V?$allocator@UOpH_C10_0@@@std@@@std@@IAEPAUOpH_C10_0@@PAU2@00@Z,0x9e5f30,0x28
??$_Umove@PAUOpH_C10_0@@@?$vector@UOpH_C10_0@@V?$allocator@UOpH_C10_0@@@std@@@std@@IAEPAUOpH_C10_0@@PAU2@00@Z,0x9e6100,0x28
??$_Ucopy@V?$_Vector_const_iterator@V?$_Vector_val@UOpH_C10_1@@V?$allocator@UOpH_C10_1@@@std@@@std@@@std@@@?$vector@UOpH_C10_1@@V?$allocator@UOpH_C10_1@@@std@@@std@@IAEPAUOpH_C10_1@@V?$_Vector_const_iterator@V?$_Vector_val@UOpH_C10_1@@V?$allocator@UOpH_C10_1@@@std@@@std@@@1@0PAU2@@Z,0x9e61a0,0x28
??$_Ucopy@PAUOpH_C10_1@@@?$vector@UOpH_C10_1@@V?$allocator@UOpH_C10_1@@@std@@@std@@IAEPAUOpH_C10_1@@PAU2@00@Z,0x9e6310,0x28
??$_Umove@PAUOpH_C10_1@@@?$vector@UOpH_C10_1@@V?$allocator@UOpH_C10_1@@@std@@@std@@IAEPAUOpH_C10_1@@PAU2@00@Z,0x9e67f0,0x28
??$_Ucopy@V?$_Vector_const_iterator@V?$_Vector_val@UOpH_C10_2@@V?$allocator@UOpH_C10_2@@@std@@@std@@@std@@@?$vector@UOpH_C10_2@@V?$allocator@UOpH_C10_2@@@std@@@std@@IAEPAUOpH_C10_2@@V?$_Vector_const_iterator@V?$_Vector_val@UOpH_C10_2@@V?$allocator@UOpH_C10_2@@@std@@@std@@@1@0PAU2@@Z,0x9e68f0,0x28
??$_Ucopy@PAUOpH_C10_2@@@?$vector@UOpH_C10_2@@V?$allocator@UOpH_C10_2@@@std@@@std@@IAEPAUOpH_C10_2@@PAU2@00@Z,0x9f42d0,0x28
??$_Umove@PAUOpH_C10_2@@@?$vector@UOpH_C10_2@@V?$allocator@UOpH_C10_2@@@std@@@std@@IAEPAUOpH_C10_2@@PAU2@00@Z,0x9f4300,0x28
??$_Ucopy@V?$_Vector_const_iterator@V?$_Vector_val@UOpH_CDA20_0@@V?$allocator@UOpH_CDA20_0@@@std@@@std@@@std@@@?$vector@UOpH_CDA20_0@@V?$allocator@UOpH_CDA20_0@@@std@@@std@@IAEPAUOpH_CDA20_0@@V?$_Vector_const_iterator@V?$_Vector_val@UOpH_CDA20_0@@V?$allocator@UOpH_CDA20_0@@@std@@@std@@@1@0PAU2@@Z,0x9f4330,0x28
??$_Ucopy@PAUOpH_CDA20_0@@@?$vector@UOpH_CDA20_0@@V?$allocator@UOpH_CDA20_0@@@std@@@std@@IAEPAUOpH_CDA20_0@@PAU2@00@Z,0x9f4360,0x28
??$_Umove@PAUOpH_CDA20_0@@@?$vector@UOpH_CDA20_0@@V?$allocator@UOpH_CDA20_0@@@std@@@std@@IAEPAUOpH_CDA20_0@@PAU2@00@Z,0x9f4390,0x28
??$_Ucopy@V?$_Vector_const_iterator@V?$_Vector_val@UOpH_CDA20_1@@V?$allocator@UOpH_CDA20_1@@@std@@@std@@@std@@@?$vector@UOpH_CDA20_1@@V?$allocator@UOpH_CDA20_1@@@std@@@std@@IAEPAUOpH_CDA20_1@@V?$_Vector_const_iterator@V?$_Vector_val@UOpH_CDA20_1@@V?$allocator@UOpH_CDA20_1@@@std@@@std@@@1@0PAU2@@Z,0x9f6ce0,0x28
??$_Ucopy@PAUOpH_CDA20_1@@@?$vector@UOpH_CDA20_1@@V?$allocator@UOpH_CDA20_1@@@std@@@std@@IAEPAUOpH_CDA20_1@@PAU2@00@Z,0x9fc5d0,0x28
??$_Umove@PAUOpH_CDA20_1@@@?$vector@UOpH_CDA20_1@@V?$allocator@UOpH_CDA20_1@@@std@@@std@@IAEPAUOpH_CDA20_1@@PAU2@00@Z,0x9fc640,0x28
??$_Ucopy@V?$_Vector_const_iterator@V?$_Vector_val@UOpH_CDA24_0@@V?$allocator@UOpH_CDA24_0@@@std@@@std@@@std@@@?$vector@UOpH_CDA24_0@@V?$allocator@UOpH_CDA24_0@@@std@@@std@@IAEPAUOpH_CDA24_0@@V?$_Vector_const_iterator@V?$_Vector_val@UOpH_CDA24_0@@V?$allocator@UOpH_CDA24_0@@@std@@@std@@@1@0PAU2@@Z,0x9fd3c0,0x28
??$_Ucopy@PAUOpH_CDA24_0@@@?$vector@UOpH_CDA24_0@@V?$allocator@UOpH_CDA24_0@@@std@@@std@@IAEPAUOpH_CDA24_0@@PAU2@00@Z,0x9fd9e0,0x28
??$_Umove@PAUOpH_CDA24_0@@@?$vector@UOpH_CDA24_0@@V?$allocator@UOpH_CDA24_0@@@std@@@std@@IAEPAUOpH_CDA24_0@@PAU2@00@Z,0x9fdb70,0x28
??$_Ucopy@V?$_Vector_const_iterator@V?$_Vector_val@UOpH_CDA24_1@@V?$allocator@UOpH_CDA24_1@@@std@@@std@@@std@@@?$vector@UOpH_CDA24_1@@V?$allocator@UOpH_CDA24_1@@@std@@@std@@IAEPAUOpH_CDA24_1@@V?$_Vector_const_iterator@V?$_Vector_val@UOpH_CDA24_1@@V?$allocator@UOpH_CDA24_1@@@std@@@std@@@1@0PAU2@@Z,0x9fdf40,0x28
??$_Ucopy@PAUOpH_CDA24_1@@@?$vector@UOpH_CDA24_1@@V?$allocator@UOpH_CDA24_1@@@std@@@std@@IAEPAUOpH_CDA24_1@@PAU2@00@Z,0x9ff120,0x28
??$_Cons_val@V?$allocator@UOpH_CDA10_0@@@std@@UOpH_CDA10_0@@AAU3@@std@@YAXAAV?$allocator@UOpH_CDA10_0@@@0@PAUOpH_CDA10_0@@AAU2@@Z,0x9e4140,0x1e
??$_Cons_val@V?$allocator@UOpH_CDA10_0@@@std@@UOpH_CDA10_0@@ABU3@@std@@YAXAAV?$allocator@UOpH_CDA10_0@@@0@PAUOpH_CDA10_0@@ABU2@@Z,0x9e4160,0x1e
??$_Cons_val@V?$allocator@UOpH_CDA10_1@@@std@@UOpH_CDA10_1@@AAU3@@std@@YAXAAV?$allocator@UOpH_CDA10_1@@@0@PAUOpH_CDA10_1@@AAU2@@Z,0x9e41a0,0x1e
??$_Cons_val@V?$allocator@UOpH_CDA10_1@@@std@@UOpH_CDA10_1@@ABU3@@std@@YAXAAV?$allocator@UOpH_CDA10_1@@@0@PAUOpH_CDA10_1@@ABU2@@Z,0x9e41c0,0x1e
??$_Cons_val@V?$allocator@UOpH_CDA10_2@@@std@@UOpH_CDA10_2@@U3@@std@@YAXAAV?$allocator@UOpH_CDA10_2@@@0@PAUOpH_CDA10_2@@$$QAU2@@Z,0x9e4220,0x1e
??$_Cons_val@V?$allocator@UOpH_CDA10_2@@@std@@UOpH_CDA10_2@@AAU3@@std@@YAXAAV?$allocator@UOpH_CDA10_2@@@0@PAUOpH_CDA10_2@@AAU2@@Z,0x9e4240,0x1e
??$_Cons_val@V?$allocator@UOpH_CDA10_2@@@std@@UOpH_CDA10_2@@ABU3@@std@@YAXAAV?$allocator@UOpH_CDA10_2@@@0@PAUOpH_CDA10_2@@ABU2@@Z,0x9e4260,0x1e
??$_Cons_val@V?$allocator@UOpH_CA10_0@@@std@@UOpH_CA10_0@@U3@@std@@YAXAAV?$allocator@UOpH_CA10_0@@@0@PAUOpH_CA10_0@@$$QAU2@@Z,0x9e4280,0x1e
??$_Cons_val@V?$allocator@UOpH_CA10_0@@@std@@UOpH_CA10_0@@AAU3@@std@@YAXAAV?$allocator@UOpH_CA10_0@@@0@PAUOpH_CA10_0@@AAU2@@Z,0x9e42a0,0x1e
??$_Cons_val@V?$allocator@UOpH_CA10_0@@@std@@UOpH_CA10_0@@ABU3@@std@@YAXAAV?$allocator@UOpH_CA10_0@@@0@PAUOpH_CA10_0@@ABU2@@Z,0x9f3fc0,0x1e
??$_Cons_val@V?$allocator@UOpH_CA10_1@@@std@@UOpH_CA10_1@@U3@@std@@YAXAAV?$allocator@UOpH_CA10_1@@@0@PAUOpH_CA10_1@@$$QAU2@@Z,0x9f3fe0,0x1e
??$_Cons_val@V?$allocator@UOpH_CA10_1@@@std@@UOpH_CA10_1@@AAU3@@std@@YAXAAV?$allocator@UOpH_CA10_1@@@0@PAUOpH_CA10_1@@AAU2@@Z,0x9f4000,0x1e
??$_Cons_val@V?$allocator@UOpH_CA10_1@@@std@@UOpH_CA10_1@@ABU3@@std@@YAXAAV?$allocator@UOpH_CA10_1@@@0@PAUOpH_CA10_1@@ABU2@@Z,0x9f4020,0x1e
??$_Cons_val@V?$allocator@UOpH_CA10_2@@@std@@UOpH_CA10_2@@U3@@std@@YAXAAV?$allocator@UOpH_CA10_2@@@0@PAUOpH_CA10_2@@$$QAU2@@Z,0x9f4040,0x1e
??$_Cons_val@V?$allocator@UOpH_CA10_2@@@std@@UOpH_CA10_2@@AAU3@@std@@YAXAAV?$allocator@UOpH_CA10_2@@@0@PAUOpH_CA10_2@@AAU2@@Z,0x9f6b80,0x1e
??$_Cons_val@V?$allocator@UOpH_CA10_2@@@std@@UOpH_CA10_2@@ABU3@@std@@YAXAAV?$allocator@UOpH_CA10_2@@@0@PAUOpH_CA10_2@@ABU2@@Z,0x9ff1e0,0x1e
??$_Cons_val@V?$allocator@UOpH_C10_0@@@std@@UOpH_C10_0@@U3@@std@@YAXAAV?$allocator@UOpH_C10_0@@@0@PAUOpH_C10_0@@$$QAU2@@Z,0x9ff220,0x1e
??$_Cons_val@V?$allocator@UOpH_C10_0@@@std@@UOpH_C10_0@@AAU3@@std@@YAXAAV?$allocator@UOpH_C10_0@@@0@PAUOpH_C10_0@@AAU2@@Z,0x9ff240,0x1e
??$_Cons_val@V?$allocator@UOpH_C10_0@@@std@@UOpH_C10_0@@ABU3@@std@@YAXAAV?$allocator@UOpH_C10_0@@@0@PAUOpH_C10_0@@ABU2@@Z,0x9ff280,0x1e
??$_Cons_val@V?$allocator@UOpH_C10_1@@@std@@UOpH_C10_1@@U3@@std@@YAXAAV?$allocator@UOpH_C10_1@@@0@PAUOpH_C10_1@@$$QAU2@@Z,0x9ff2a0,0x1e
??$_Cons_val@V?$allocator@UOpH_C10_1@@@std@@UOpH_C10_1@@AAU3@@std@@YAXAAV?$allocator@UOpH_C10_1@@@0@PAUOpH_C10_1@@AAU2@@Z,0x9ff2c0,0x1e
??$_Cons_val@V?$allocator@UOpH_C10_1@@@std@@UOpH_C10_1@@ABU3@@std@@YAXAAV?$allocator@UOpH_C10_1@@@0@PAUOpH_C10_1@@ABU2@@Z,0xa01770,0x1e
??$_Cons_val@V?$allocator@UOpH_C10_2@@@std@@UOpH_C10_2@@U3@@std@@YAXAAV?$allocator@UOpH_C10_2@@@0@PAUOpH_C10_2@@$$QAU2@@Z,0xa017b0,0x1e
??$_Cons_val@V?$allocator@UOpH_C10_2@@@std@@UOpH_C10_2@@AAU3@@std@@YAXAAV?$allocator@UOpH_C10_2@@@0@PAUOpH_C10_2@@AAU2@@Z,0xa02e70,0x1e
??$_Cons_val@V?$allocator@UOpH_C10_2@@@std@@UOpH_C10_2@@ABU3@@std@@YAXAAV?$allocator@UOpH_C10_2@@@0@PAUOpH_C10_2@@ABU2@@Z,0xa02e90,0x1e
??$_Copy_impl@PAUOpH_P10_1@@PAU1@@std@@YAPAUOpH_P10_1@@PAU1@00@Z,0x9e46c0,0x34
??$_Move@PAUOpH_P10_1@@PAU1@@std@@YAPAUOpH_P10_1@@PAU1@00@Z,0x9e4780,0x34
??$_Copy_backward@PAUOpH_P10_1@@PAU1@@std@@YAPAUOpH_P10_1@@PAU1@00@Z,0x9e47c0,0x34
??$_Copy_impl@PAUOpH_CDA10_0@@PAU1@@std@@YAPAUOpH_CDA10_0@@PAU1@00@Z,0x9e4850,0x34
??$_Move@PAUOpH_CDA10_0@@PAU1@@std@@YAPAUOpH_CDA10_0@@PAU1@00@Z,0x9e4890,0x34
??$_Copy_backward@PAUOpH_CDA10_0@@PAU1@@std@@YAPAUOpH_CDA10_0@@PAU1@00@Z,0x9e4a90,0x34
??$_Copy_impl@PAUOpH_CDA10_1@@PAU1@@std@@YAPAUOpH_CDA10_1@@PAU1@00@Z,0x9e4b50,0x34
??$_Move@PAUOpH_CDA10_1@@PAU1@@std@@YAPAUOpH_CDA10_1@@PAU1@00@Z,0x9e4b90,0x34
??$_Copy_backward@PAUOpH_CDA10_1@@PAU1@@std@@YAPAUOpH_CDA10_1@@PAU1@00@Z,0x9e4bf0,0x34
??$_Copy_impl@PAUOpH_CDA10_2@@PAU1@@std@@YAPAUOpH_CDA10_2@@PAU1@00@Z,0x9e4c30,0x34
??$_Move@PAUOpH_CDA10_2@@PAU1@@std@@YAPAUOpH_CDA10_2@@PAU1@00@Z,0x9e4c70,0x34
??$_Copy_backward@PAUOpH_CDA10_2@@PAU1@@std@@YAPAUOpH_CDA10_2@@PAU1@00@Z,0x9e4cb0,0x34
??$_Copy_impl@PAUOpH_CA10_0@@PAU1@@std@@YAPAUOpH_CA10_0@@PAU1@00@Z,0x9e4cf0,0x34
??$_Move@PAUOpH_CA10_0@@PAU1@@std@@YAPAUOpH_CA10_0@@PAU1@00@Z,0x9e4fc0,0x34
??$_Copy_backward@PAUOpH_CA10_0@@PAU1@@std@@YAPAUOpH_CA10_0@@PAU1@00@Z,0x9e5070,0x34
??$_Copy_impl@PAUOpH_CA10_1@@PAU1@@std@@YAPAUOpH_CA10_1@@PAU1@00@Z,0x9e5150,0x34
??$_Move@PAUOpH_CA10_1@@PAU1@@std@@YAPAUOpH_CA10_1@@PAU1@00@Z,0x9e5250,0x34
??$_Copy_backward@PAUOpH_CA10_1@@PAU1@@std@@YAPAUOpH_CA10_1@@PAU1@00@Z,0x9e59e0,0x34
??$_Copy_impl@PAUOpH_CA10_2@@PAU1@@std@@YAPAUOpH_CA10_2@@PAU1@00@Z,0x9e5ad0,0x34
??$_Move@PAUOpH_CA10_2@@PAU1@@std@@YAPAUOpH_CA10_2@@PAU1@00@Z,0x9e6050,0x34
??$_Copy_backward@PAUOpH_CA10_2@@PAU1@@std@@YAPAUOpH_CA10_2@@PAU1@00@Z,0x9e60c0,0x34
??$_Copy_impl@PAUOpH_C10_0@@PAU1@@std@@YAPAUOpH_C10_0@@PAU1@00@Z,0x9e6200,0x34
??$_Move@PAUOpH_C10_0@@PAU1@@std@@YAPAUOpH_C10_0@@PAU1@00@Z,0x9e6270,0x34
??$_Copy_backward@PAUOpH_C10_0@@PAU1@@std@@YAPAUOpH_C10_0@@PAU1@00@Z,0x9e6370,0x34
??$_Copy_impl@PAUOpH_C10_1@@PAU1@@std@@YAPAUOpH_C10_1@@PAU1@00@Z,0x9e65c0,0x34
??$_Move@PAUOpH_C10_1@@PAU1@@std@@YAPAUOpH_C10_1@@PAU1@00@Z,0x9e6850,0x34
??$_Copy_backward@PAUOpH_C10_1@@PAU1@@std@@YAPAUOpH_C10_1@@PAU1@00@Z,0x9e6950,0x34
??$_Copy_impl@PAUOpH_C10_2@@PAU1@@std@@YAPAUOpH_C10_2@@PAU1@00@Z,0x9e6af0,0x34
??$_Move@PAUOpH_C10_2@@PAU1@@std@@YAPAUOpH_C10_2@@PAU1@00@Z,0x9f65c0,0x34
??$_Copy_backward@PAUOpH_C10_2@@PAU1@@std@@YAPAUOpH_C10_2@@PAU1@00@Z,0x9fc600,0x34
??$_Copy_impl@PAUOpH_CDA20_0@@PAU1@@std@@YAPAUOpH_CDA20_0@@PAU1@00@Z,0x9fc670,0x34
??$_Move@PAUOpH_CDA20_0@@PAU1@@std@@YAPAUOpH_CDA20_0@@PAU1@00@Z,0xa01090,0x34
??$_Copy_backward@PAUOpH_CDA20_0@@PAU1@@std@@YAPAUOpH_CDA20_0@@PAU1@00@Z,0xa01470,0x34
??$_Uninitialized_default_fill_n@PAUOpH_Pc_0@@IU1@V?$allocator@UOpH_Pc_0@@@std@@@std@@YAXPAUOpH_Pc_0@@IPBU1@AAV?$allocator@UOpH_Pc_0@@@0@@Z,0x9e4800,0x45
??$_Uninitialized_fill_n@PAUOpH_Pc_0@@IU1@V?$allocator@UOpH_Pc_0@@@std@@@std@@YAXPAUOpH_Pc_0@@IPBU1@AAV?$allocator@UOpH_Pc_0@@@0@@Z,0x9e4a40,0x45
??$_Uninitialized_default_fill_n@PAUOpH_Pc_1@@IU1@V?$allocator@UOpH_Pc_1@@@std@@@std@@YAXPAUOpH_Pc_1@@IPBU1@AAV?$allocator@UOpH_Pc_1@@@0@@Z,0x9e4d30,0x45
??$_Uninitialized_fill_n@PAUOpH_Pc_1@@IU1@V?$allocator@UOpH_Pc_1@@@std@@@std@@YAXPAUOpH_Pc_1@@IPBU1@AAV?$allocator@UOpH_Pc_1@@@0@@Z,0x9e5930,0x45
??$_Uninitialized_default_fill_n@PAUOpH_P10_0@@IU1@V?$allocator@UOpH_P10_0@@@std@@@std@@YAXPAUOpH_P10_0@@IPBU1@AAV?$allocator@UOpH_P10_0@@@0@@Z,0x9e6c00,0x45
??$_Uninitialized_fill_n@PAUOpH_P10_0@@IU1@V?$allocator@UOpH_P10_0@@@std@@@std@@YAXPAUOpH_P10_0@@IPBU1@AAV?$allocator@UOpH_P10_0@@@0@@Z,0x9e6c50,0x45
??$_Uninitialized_default_fill_n@PAUOpH_P10_1@@IU1@V?$allocator@UOpH_P10_1@@@std@@@std@@YAXPAUOpH_P10_1@@IPBU1@AAV?$allocator@UOpH_P10_1@@@0@@Z,0x9e6ca0,0x45
??$_Uninitialized_fill_n@PAUOpH_P10_1@@IU1@V?$allocator@UOpH_P10_1@@@std@@@std@@YAXPAUOpH_P10_1@@IPBU1@AAV?$allocator@UOpH_P10_1@@@0@@Z,0x9e6cf0,0x45
??$_Uninitialized_default_fill_n@PAUOpH_CDA10_0@@IU1@V?$allocator@UOpH_CDA10_0@@@std@@@std@@YAXPAUOpH_CDA10_0@@IPBU1@AAV?$allocator@UOpH_CDA10_0@@@0@@Z,0x9e6da0,0x45
??$_Uninitialized_fill_n@PAUOpH_CDA10_0@@IU1@V?$allocator@UOpH_CDA10_0@@@std@@@std@@YAXPAUOpH_CDA10_0@@IPBU1@AAV?$allocator@UOpH_CDA10_0@@@0@@Z,0x9e6df0,0x45
??$_Uninitialized_default_fill_n@PAUOpH_CDA10_1@@IU1@V?$allocator@UOpH_CDA10_1@@@std@@@std@@YAXPAUOpH_CDA10_1@@IPBU1@AAV?$allocator@UOpH_CDA10_1@@@0@@Z,0x9e6e40,0x45
??$_Uninitialized_fill_n@PAUOpH_CDA10_1@@IU1@V?$allocator@UOpH_CDA10_1@@@std@@@std@@YAXPAUOpH_CDA10_1@@IPBU1@AAV?$allocator@UOpH_CDA10_1@@@0@@Z,0x9e6e90,0x45
??$_Uninitialized_default_fill_n@PAUOpH_CDA10_2@@IU1@V?$allocator@UOpH_CDA10_2@@@std@@@std@@YAXPAUOpH_CDA10_2@@IPBU1@AAV?$allocator@UOpH_CDA10_2@@@0@@Z,0x9e6ee0,0x45
??$_Uninitialized_fill_n@PAUOpH_CDA10_2@@IU1@V?$allocator@UOpH_CDA10_2@@@std@@@std@@YAXPAUOpH_CDA10_2@@IPBU1@AAV?$allocator@UOpH_CDA10_2@@@0@@Z,0x9e6f30,0x45
??$_Uninitialized_default_fill_n@PAUOpH_CA10_0@@IU1@V?$allocator@UOpH_CA10_0@@@std@@@std@@YAXPAUOpH_CA10_0@@IPBU1@AAV?$allocator@UOpH_CA10_0@@@0@@Z,0x9e6fe0,0x45
??$_Destroy_range@V?$allocator@UOpH_CDA24_0@@@std@@@std@@YAXPAUOpH_CDA24_0@@0AAV?$allocator@UOpH_CDA24_0@@@0@@Z,0x9e5330,0x34
??$_Destroy_range@V?$allocator@UOpH_CDA24_1@@@std@@@std@@YAXPAUOpH_CDA24_1@@0AAV?$allocator@UOpH_CDA24_1@@@0@@Z,0x9e53a0,0x34
??$_Destroy_range@V?$allocator@UOpH_CDA18_0@@@std@@@std@@YAXPAUOpH_CDA18_0@@0AAV?$allocator@UOpH_CDA18_0@@@0@@Z,0x9e5560,0x34
??$_Destroy_range@V?$allocator@UOpH_CDA18_1@@@std@@@std@@YAXPAUOpH_CDA18_1@@0AAV?$allocator@UOpH_CDA18_1@@@0@@Z,0x9e5670,0x34
??$fill@PAUOpH_P10_0@@U1@@std@@YAXPAUOpH_P10_0@@0ABU1@@Z,0x9e6090,0x2b
??$fill@PAUOpH_P10_1@@U1@@std@@YAXPAUOpH_P10_1@@0ABU1@@Z,0x9e61d0,0x2b
??$fill@PAUOpH_CDA10_0@@U1@@std@@YAXPAUOpH_CDA10_0@@0ABU1@@Z,0x9e6240,0x2b
??$fill@PAUOpH_CDA10_1@@U1@@std@@YAXPAUOpH_CDA10_1@@0ABU1@@Z,0x9e6340,0x2b
??$fill@PAUOpH_CDA10_2@@U1@@std@@YAXPAUOpH_CDA10_2@@0ABU1@@Z,0x9e6590,0x2b
??$fill@PAUOpH_CA10_0@@U1@@std@@YAXPAUOpH_CA10_0@@0ABU1@@Z,0x9e6820,0x2b
??$fill@PAUOpH_CA10_1@@U1@@std@@YAXPAUOpH_CA10_1@@0ABU1@@Z,0x9e6920,0x2b
??$fill@PAUOpH_CA10_2@@U1@@std@@YAXPAUOpH_CA10_2@@0ABU1@@Z,0x9e6990,0x2b
??$fill@PAUOpH_C10_0@@U1@@std@@YAXPAUOpH_C10_0@@0ABU1@@Z,0x9e69c0,0x2b
??$fill@PAUOpH_C10_1@@U1@@std@@YAXPAUOpH_C10_1@@0ABU1@@Z,0x9f8bd0,0x2b
??$fill@PAUOpH_C10_2@@U1@@std@@YAXPAUOpH_C10_2@@0ABU1@@Z,0x9f8ff0,0x2b
??$fill@PAUOpH_CDA20_0@@U1@@std@@YAXPAUOpH_CDA20_0@@0ABU1@@Z,0x9f9360,0x2b
?construct@?$allocator@UOpH_C10_2@@@std@@QAEXPAUOpH_C10_2@@ABU3@@Z,0x9e7b60,0x1d
?construct@?$allocator@UOpH_CDA20_0@@@std@@QAEXPAUOpH_CDA20_0@@ABU3@@Z,0x9e7d60,0x1d
?construct@?$allocator@UOpH_CDA20_1@@@std@@QAEXPAUOpH_CDA20_1@@ABU3@@Z,0x9e7e10,0x1d
?construct@?$allocator@UOpH_CDA24_0@@@std@@QAEXPAUOpH_CDA24_0@@ABU3@@Z,0x9e7ea0,0x1d
?construct@?$allocator@UOpH_CDA24_1@@@std@@QAEXPAUOpH_CDA24_1@@ABU3@@Z,0x9e7ec0,0x1d
?construct@?$allocator@UOpH_CDA18_0@@@std@@QAEXPAUOpH_CDA18_0@@ABU3@@Z,0x9e7fd0,0x1d
?construct@?$allocator@UOpH_CDA18_1@@@std@@QAEXPAUOpH_CDA18_1@@ABU3@@Z,0x9e8010,0x1d
?destroy@?$allocator@UOpH_Pc_1@@@std@@QAEXPAUOpH_Pc_1@@@Z,0x9e92d0,0x19
??$_Uninitialized_copy@V?$_Vector_const_iterator@V?$_Vector_val@UOpH_Pc_0@@V?$allocator@UOpH_Pc_0@@@std@@@std@@@std@@PAUOpH_Pc_0@@V?$allocator@UOpH_Pc_0@@@2@@std@@YAPAUOpH_Pc_0@@V?$_Vector_const_iterator@V?$_Vector_val@UOpH_Pc_0@@V?$allocator@UOpH_Pc_0@@@std@@@std@@@0@0PAU1@AAV?$allocator@UOpH_Pc_0@@@0@@Z,0x9efe80,0x38
??$_Uninitialized_copy@V?$_Vector_const_iterator@V?$_Vector_val@UOpH_Pc_1@@V?$allocator@UOpH_Pc_1@@@std@@@std@@@std@@PAUOpH_Pc_1@@V?$allocator@UOpH_Pc_1@@@2@@std@@YAPAUOpH_Pc_1@@V?$_Vector_const_iterator@V?$_Vector_val@UOpH_Pc_1@@V?$allocator@UOpH_Pc_1@@@std@@@std@@@0@0PAU1@AAV?$allocator@UOpH_Pc_1@@@0@@Z,0x9f03e0,0x38
??$_Uninitialized_copy@V?$_Vector_const_iterator@V?$_Vector_val@UOpH_P10_0@@V?$allocator@UOpH_P10_0@@@std@@@std@@@std@@PAUOpH_P10_0@@V?$allocator@UOpH_P10_0@@@2@@std@@YAPAUOpH_P10_0@@V?$_Vector_const_iterator@V?$_Vector_val@UOpH_P10_0@@V?$allocator@UOpH_P10_0@@@std@@@std@@@0@0PAU1@AAV?$allocator@UOpH_P10_0@@@0@@Z,0x9f15e0,0x38
??$_Uninitialized_copy@V?$_Vector_const_iterator@V?$_Vector_val@UOpH_P10_1@@V?$allocator@UOpH_P10_1@@@std@@@std@@@std@@PAUOpH_P10_1@@V?$allocator@UOpH_P10_1@@@2@@std@@YAPAUOpH_P10_1@@V?$_Vector_const_iterator@V?$_Vector_val@UOpH_P10_1@@V?$allocator@UOpH_P10_1@@@std@@@std@@@0@0PAU1@AAV?$allocator@UOpH_P10_1@@@0@@Z,0x9f1690,0x38
??$_Uninitialized_copy@V?$_Vector_const_iterator@V?$_Vector_val@UOpH_CDA10_0@@V?$allocator@UOpH_CDA10_0@@@std@@@std@@@std@@PAUOpH_CDA10_0@@V?$allocator@UOpH_CDA10_0@@@2@@std@@YAPAUOpH_CDA10_0@@V?$_Vector_const_iterator@V?$_Vector_val@UOpH_CDA10_0@@V?$allocator@UOpH_CDA10_0@@@std@@@std@@@0@0PAU1@AAV?$allocator@UOpH_CDA10_0@@@0@@Z,0x9f1740,0x38
??$_Uninitialized_copy@V?$_Vector_const_iterator@V?$_Vector_val@UOpH_CDA10_1@@V?$allocator@UOpH_CDA10_1@@@std@@@std@@@std@@PAUOpH_CDA10_1@@V?$allocator@UOpH_CDA10_1@@@2@@std@@YAPAUOpH_CDA10_1@@V?$_Vector_const_iterator@V?$_Vector_val@UOpH_CDA10_1@@V?$allocator@UOpH_CDA10_1@@@std@@@std@@@0@0PAU1@AAV?$allocator@UOpH_CDA10_1@@@0@@Z,0x9f22d0,0x38
??$_Uninitialized_copy@V?$_Vector_const_iterator@V?$_Vector_val@UOpH_CDA10_2@@V?$allocator@UOpH_CDA10_2@@@std@@@std@@@std@@PAUOpH_CDA10_2@@V?$allocator@UOpH_CDA10_2@@@2@@std@@YAPAUOpH_CDA10_2@@V?$_Vector_const_iterator@V?$_Vector_val@UOpH_CDA10_2@@V?$allocator@UOpH_CDA10_2@@@std@@@std@@@0@0PAU1@AAV?$allocator@UOpH_CDA10_2@@@0@@Z,0x9f2380,0x38
??$_Uninitialized_copy@V?$_Vector_const_iterator@V?$_Vector_val@UOpH_CA10_0@@V?$allocator@UOpH_CA10_0@@@std@@@std@@@std@@PAUOpH_CA10_0@@V?$allocator@UOpH_CA10_0@@@2@@std@@YAPAUOpH_CA10_0@@V?$_Vector_const_iterator@V?$_Vector_val@UOpH_CA10_0@@V?$allocator@UOpH_CA10_0@@@std@@@std@@@0@0PAU1@AAV?$allocator@UOpH_CA10_0@@@0@@Z,0x9fd5b0,0x38
??$_Uninitialized_copy@V?$_Vector_const_iterator@V?$_Vector_val@UOpH_CA10_1@@V?$allocator@UOpH_CA10_1@@@std@@@std@@@std@@PAUOpH_CA10_1@@V?$allocator@UOpH_CA10_1@@@2@@std@@YAPAUOpH_CA10_1@@V?$_Vector_const_iterator@V?$_Vector_val@UOpH_CA10_1@@V?$allocator@UOpH_CA10_1@@@std@@@std@@@0@0PAU1@AAV?$allocator@UOpH_CA10_1@@@0@@Z,0xa00830,0x38
??$_Uninitialized_copy@V?$_Vector_const_iterator@V?$_Vector_val@UOpH_CA10_2@@V?$allocator@UOpH_CA10_2@@@std@@@std@@@std@@PAUOpH_CA10_2@@V?$allocator@UOpH_CA10_2@@@2@@std@@YAPAUOpH_CA10_2@@V?$_Vector_const_iterator@V?$_Vector_val@UOpH_CA10_2@@V?$allocator@UOpH_CA10_2@@@std@@@std@@@0@0PAU1@AAV?$allocator@UOpH_CA10_2@@@0@@Z,0xa00b70,0x38
??$_Uninitialized_copy@V?$_Vector_const_iterator@V?$_Vector_val@UOpH_C10_0@@V?$allocator@UOpH_C10_0@@@std@@@std@@@std@@PAUOpH_C10_0@@V?$allocator@UOpH_C10_0@@@2@@std@@YAPAUOpH_C10_0@@V?$_Vector_const_iterator@V?$_Vector_val@UOpH_C10_0@@V?$allocator@UOpH_C10_0@@@std@@@std@@@0@0PAU1@AAV?$allocator@UOpH_C10_0@@@0@@Z,0xa00bf0,0x38
??$_Uninitialized_copy@V?$_Vector_const_iterator@V?$_Vector_val@UOpH_C10_1@@V?$allocator@UOpH_C10_1@@@std@@@std@@@std@@PAUOpH_C10_1@@V?$allocator@UOpH_C10_1@@@2@@std@@YAPAUOpH_C10_1@@V?$_Vector_const_iterator@V?$_Vector_val@UOpH_C10_1@@V?$allocator@UOpH_C10_1@@@std@@@std@@@0@0PAU1@AAV?$allocator@UOpH_C10_1@@@0@@Z,0xa00e40,0x38
??$_Uninitialized_copy@V?$_Vector_const_iterator@V?$_Vector_val@UOpH_C10_2@@V?$allocator@UOpH_C10_2@@@std@@@std@@@std@@PAUOpH_C10_2@@V?$allocator@UOpH_C10_2@@@2@@std@@YAPAUOpH_C10_2@@V?$_Vector_const_iterator@V?$_Vector_val@UOpH_C10_2@@V?$allocator@UOpH_C10_2@@@std@@@std@@@0@0PAU1@AAV?$allocator@UOpH_C10_2@@@0@@Z,0xa01670,0x38
??$_Uninitialized_copy@PAUOpH_P10_0@@PAU1@V?$allocator@UOpH_P10_0@@@std@@@std@@YAPAUOpH_P10_0@@PAU1@00AAV?$allocator@UOpH_P10_0@@@0@@Z,0x9f0420,0x38
??$_Uninitialized_copy@PAUOpH_P10_1@@PAU1@V?$allocator@UOpH_P10_1@@@std@@@std@@YAPAUOpH_P10_1@@PAU1@00AAV?$allocator@UOpH_P10_1@@@0@@Z,0x9f04d0,0x38
??$_Uninitialized_copy@PAUOpH_CDA10_0@@PAU1@V?$allocator@UOpH_CDA10_0@@@std@@@std@@YAPAUOpH_CDA10_0@@PAU1@00AAV?$allocator@UOpH_CDA10_0@@@0@@Z,0x9ff770,0x38
??$_Uninitialized_copy@PAUOpH_CDA10_1@@PAU1@V?$allocator@UOpH_CDA10_1@@@std@@@std@@YAPAUOpH_CDA10_1@@PAU1@00AAV?$allocator@UOpH_CDA10_1@@@0@@Z,0x9ff7f0,0x38
??$_Uninitialized_move@PAUOpH_P10_1@@PAU1@V?$allocator@UOpH_P10_1@@@std@@@std@@YAPAUOpH_P10_1@@PAU1@00AAV?$allocator@UOpH_P10_1@@@0@@Z,0x9f1910,0x45
??$_Uninitialized_move@PAUOpH_CDA10_0@@PAU1@V?$allocator@UOpH_CDA10_0@@@std@@@std@@YAPAUOpH_CDA10_0@@PAU1@00AAV?$allocator@UOpH_CDA10_0@@@0@@Z,0x9f19d0,0x45
??$_Uninitialized_move@PAUOpH_CDA10_1@@PAU1@V?$allocator@UOpH_CDA10_1@@@std@@@std@@YAPAUOpH_CDA10_1@@PAU1@00AAV?$allocator@UOpH_CDA10_1@@@0@@Z,0x9f1a20,0x45
??$_Uninitialized_move@PAUOpH_CDA10_2@@PAU1@V?$allocator@UOpH_CDA10_2@@@std@@@std@@YAPAUOpH_CDA10_2@@PAU1@00AAV?$allocator@UOpH_CDA10_2@@@0@@Z,0x9f1aa0,0x45
??$_Uninitialized_move@PAUOpH_CA10_0@@PAU1@V?$allocator@UOpH_CA10_0@@@std@@@std@@YAPAUOpH_CA10_0@@PAU1@00AAV?$allocator@UOpH_CA10_0@@@0@@Z,0x9f1ba0,0x45
??$_Uninitialized_move@PAUOpH_CA10_1@@PAU1@V?$allocator@UOpH_CA10_1@@@std@@@std@@YAPAUOpH_CA10_1@@PAU1@00AAV?$allocator@UOpH_CA10_1@@@0@@Z,0x9f1c20,0x45
??$_Uninitialized_move@PAUOpH_CA10_2@@PAU1@V?$allocator@UOpH_CA10_2@@@std@@@std@@YAPAUOpH_CA10_2@@PAU1@00AAV?$allocator@UOpH_CA10_2@@@0@@Z,0x9f1ca0,0x45
??$_Uninitialized_move@PAUOpH_C10_0@@PAU1@V?$allocator@UOpH_C10_0@@@std@@@std@@YAPAUOpH_C10_0@@PAU1@00AAV?$allocator@UOpH_C10_0@@@0@@Z,0x9f1d20,0x45
??$_Uninitialized_move@PAUOpH_C10_1@@PAU1@V?$allocator@UOpH_C10_1@@@std@@@std@@YAPAUOpH_C10_1@@PAU1@00AAV?$allocator@UOpH_C10_1@@@0@@Z,0x9f1da0,0x45
??$_Uninitialized_move@PAUOpH_C10_2@@PAU1@V?$allocator@UOpH_C10_2@@@std@@@std@@YAPAUOpH_C10_2@@PAU1@00AAV?$allocator@UOpH_C10_2@@@0@@Z,0x9f1df0,0x45
??$_Uninitialized_move@PAUOpH_CDA20_0@@PAU1@V?$allocator@UOpH_CDA20_0@@@std@@@std@@YAPAUOpH_CDA20_0@@PAU1@00AAV?$allocator@UOpH_CDA20_0@@@0@@Z,0x9f1e70,0x45
??$_Uninitialized_move@PAUOpH_CDA20_1@@PAU1@V?$allocator@UOpH_CDA20_1@@@std@@@std@@YAPAUOpH_CDA20_1@@PAU1@00AAV?$allocator@UOpH_CDA20_1@@@0@@Z,0x9f1ef0,0x45
??$_Uninitialized_move@PAUOpH_CDA24_0@@PAU1@V?$allocator@UOpH_CDA24_0@@@std@@@std@@YAPAUOpH_CDA24_0@@PAU1@00AAV?$allocator@UOpH_CDA24_0@@@0@@Z,0x9f1f70,0x45
??$_Uninitialized_move@PAUOpH_CDA24_1@@PAU1@V?$allocator@UOpH_CDA24_1@@@std@@@std@@YAPAUOpH_CDA24_1@@PAU1@00AAV?$allocator@UOpH_CDA24_1@@@0@@Z,0x9f1ff0,0x45
??$_Uninitialized_move@PAUOpH_CDA18_0@@PAU1@V?$allocator@UOpH_CDA18_0@@@std@@@std@@YAPAUOpH_CDA18_0@@PAU1@00AAV?$allocator@UOpH_CDA18_0@@@0@@Z,0x9f21c0,0x45
??$_Uninitialized_move@PAUOpH_CDA18_1@@PAU1@V?$allocator@UOpH_CDA18_1@@@std@@@std@@YAPAUOpH_CDA18_1@@PAU1@00AAV?$allocator@UOpH_CDA18_1@@@0@@Z,0x9f23f0,0x45
??$_Destroy@UOpH_CDA24_1@@@std@@YAXPAUOpH_CDA24_1@@@Z,0x9f4290,0xf
??$_Destroy@UOpH_CDA18_0@@@std@@YAXPAUOpH_CDA18_0@@@Z,0x9ff8f0,0xf
