# op_q4a: HUD/scan/evasion/volley/parts consoles in 0x87b000-0x8b3900, Beta 17.1
opq4a_getSpeedLabel,0x87bc20,0x124
CHudRif::input,0x87b270,0x60
CHudData::render,0x882b90,0x42
CHud::CHud,0x882be0,0x13e
CHud::open,0x882d20,0x3e
CHud::update,0x882da0,0x11c
CHud::trigger,0x882ec0,0x15e
CScanButton::input,0x883ee0,0x99
CScanButtons::CScanButtons,0x883f80,0x1f0
CScanButtons::~CScanButtons,0x8841a0,0x56
CScan::CScan,0x884200,0x1d1
CScan::open,0x8843e0,0x7e
CHudData::drawBar,0x87b300,0x920
CScan::close,0x884cc0,0x40
CScan::unknown884d00,0x884d00,0x93
CScan::unknown884da0,0x884da0,0x58
opq4a_splitLine,0x884e00,0x158
CScan::unknown887540,0x887540,0x202
CEvasion::CEvasion,0x887750,0x144
CEvasion::open,0x8878a0,0x7e
CEvasion::update,0x887920,0x20d
CEvasion::close,0x887b30,0x40
CEvasion::unknown887b70,0x887b70,0x150
CEvasionFull::CEvasionFull,0x888c80,0xef
CEvasionFull::open,0x888d70,0x51
CEvasionFull::update,0x888dd0,0x9b
CEvasionFull::close,0x888e70,0x1a
