# op_r5e: CShell/CHack/CRobot/CType consoles in 0x90c700-0x954180, Beta 17.1
CShell::input,0x90cc20,0x1c4
CShell::unknown9397c0,0x9397c0,0xcb
CShell::unknown939890,0x939890,0x154
CHack::CHack,0x9399f0,0x156
CHack::update,0x93a780,0x191
CHack::close,0x93a920,0x1b5
CHack::unknown93aae0,0x93aae0,0x13b
CHack::input,0x93ac20,0xd9
CShell::unknown90eb10,0x90eb10,0x112
CShell::unknown90ec30,0x90ec30,0xfa
CShell::unknown90ed30,0x90ed30,0x18c
CShell::unknown90eec0,0x90eec0,0x1d1
CShell::unknown90f990,0x90f990,0x101
opr5e_unknown91c850,0x91c850,0x107
opr5e_unknown91c960,0x91c960,0xee
CHack::unknown942780,0x942780,0x2de
CHack::unknown942a60,0x942a60,0x19c
CRobot::close,0x9468f0,0x9e
CRobot::unknown946990,0x946990,0x63
CRobot::input,0x946a00,0x1ce
CRobot::inputMouse,0x946bd0,0x1cf
CRobot::unknown953c70,0x953c70,0x11c
