# op_t8b: VS2010 std template instances and small helpers in 0x9d4000-0x9de000, Beta 17.1
?OpT8b_Fn9d4340@@YAHAAV?$vector@HV?$allocator@H@std@@@std@@@Z,0x9d4340,0x68
?OpT8b_Fn9d7290@@YAHAAV?$vector@HV?$allocator@H@std@@@std@@@Z,0x9d7290,0x68
?OpT8b_Fn9d7d70@@YAHAAV?$vector@MV?$allocator@M@std@@@std@@@Z,0x9d7d70,0x64
?OpT8b_Fn9d8ed0@@YAHAAV?$vector@HV?$allocator@H@std@@@std@@@Z,0x9d8ed0,0x4f
?OpT8b_Fn9d85c0@@YA_NMMM@Z,0x9d85c0,0x39
?OpT8b_Fn9d5ac0@@YAMMMM@Z,0x9d5ac0,0x47
?OpT8b_Fn9d5b30@@YAXAAV?$vector@HV?$allocator@H@std@@@std@@H@Z,0x9d5b30,0x68
??$?0V?$_Vector_iterator@V?$_Vector_val@DV?$allocator@D@std@@@std@@@std@@@?$basic_string@DU?$char_traits@D@std@@V?$allocator@D@2@@std@@QAE@V?$_Vector_iterator@V?$_Vector_val@DV?$allocator@D@std@@@std@@@1@0@Z,0x9d5680,0x93
??$?HDU?$char_traits@D@std@@V?$allocator@D@1@@std@@YA?AV?$basic_string@DU?$char_traits@D@std@@V?$allocator@D@2@@0@ABV10@$$QAV10@@Z,0x9d4300,0x3b
??$assign@V?$_Vector_iterator@V?$_Vector_val@DV?$allocator@D@std@@@std@@@std@@@?$basic_string@DU?$char_traits@D@std@@V?$allocator@D@2@@std@@QAEAAV01@V?$_Vector_iterator@V?$_Vector_val@DV?$allocator@D@std@@@std@@@1@0@Z,0x9d5720,0x34
?OpT8b_Fn9d9890@@YAXAAV?$vector@UPoint@@V?$allocator@UPoint@@@std@@@std@@0HH@Z,0x9d9890,0x45
?OpT8b_Fn9d98e0@@YAXAAV?$vector@UPoint@@V?$allocator@UPoint@@@std@@@std@@AAV?$vector@HV?$allocator@H@std@@@2@@Z,0x9d98e0,0x35
?OpT8b_Fn9d99a0@@YAHAAV?$vector@HV?$allocator@H@std@@@std@@@Z,0x9d99a0,0x106
?OpT8b_Fn9d9ab0@@YAHAAV?$vector@MV?$allocator@M@std@@@std@@@Z,0x9d9ab0,0x64
?OpT8b_Fn9d9b60@@YA_NABV?$vector@_NV?$allocator@_N@std@@@std@@@Z,0x9d9b60,0x42
?OpT8b_Fn9d76c0@@YAHABV?$vector@_NV?$allocator@_N@std@@@std@@_N@Z,0x9d76c0,0x48
?OpT8b_Fn9d78c0@@YAXAAV?$vector@V?$basic_string@DU?$char_traits@D@std@@V?$allocator@D@2@@std@@V?$allocator@V?$basic_string@DU?$char_traits@D@std@@V?$allocator@D@2@@std@@@2@@std@@V?$basic_string@DU?$char_traits@D@std@@V?$allocator@D@2@@2@@Z,0x9d78c0,0xb5
?OpT8b_Fn9d6280@@YA_NAAV?$vector@HV?$allocator@H@std@@@std@@0@Z,0x9d6280,0x71
?OpT8b_Fn9d9190@@YAXAAV?$vector@HV?$allocator@H@std@@@std@@HH@Z,0x9d9190,0x53
??$sort@V?$_Vector_iterator@V?$_Vector_val@HV?$allocator@H@std@@@std@@@std@@@std@@YAXV?$_Vector_iterator@V?$_Vector_val@HV?$allocator@H@std@@@std@@@0@0@Z,0x9d9920,0x34
??$unique@V?$_Vector_iterator@V?$_Vector_val@VHEntity@@V?$allocator@VHEntity@@@std@@@std@@@std@@@std@@YA?AV?$_Vector_iterator@V?$_Vector_val@VHEntity@@V?$allocator@VHEntity@@@std@@@std@@@0@V10@0@Z,0x9d9960,0x3e
?OpT8b_Fn9db3a0@@YA_NAAUXColor@@U1@@Z,0x9db3a0,0x3f
?OpT8b_Fn9d4c40@@YA_NHHH@Z,0x9d4c40,0x2b
?OpT8b_Fn9daf80@@YA_NHHH@Z,0x9daf80,0x2b
?OpT8b_Fn9d5b10@@YAXPAMM@Z,0x9d5b10,0x1e
?OpT8b_Fn9d84a0@@YAXAAV?$vector@HV?$allocator@H@std@@@std@@HI@Z,0x9d84a0,0x30
?OpT8b_Fn9dae40@@YA_NABV?$basic_string@DU?$char_traits@D@std@@V?$allocator@D@2@@std@@0@Z,0x9dae40,0x15
?OpT8b_Fn9db380@@YA_NPAHH@Z,0x9db380,0x1d
?OpT8b_Fn9db000@@YA_NAAV?$vector@HV?$allocator@H@std@@@std@@H@Z,0x9db000,0x2e
?OpT8b_Fn9db7e0@@YAXAAV?$vector@V?$basic_string@DU?$char_traits@D@std@@V?$allocator@D@2@@std@@V?$allocator@V?$basic_string@DU?$char_traits@D@std@@V?$allocator@D@2@@std@@@2@@std@@@Z,0x9db7e0,0x35
?OpT8b_Fn9db650@@YA_NABV?$vector@DV?$allocator@D@std@@@std@@D@Z,0x9db650,0x46
?OpT8b_Fn9db9d0@@YAHAAV?$vector@HV?$allocator@H@std@@@std@@H@Z,0x9db9d0,0x51
??$assign@H@?$vector@HV?$allocator@H@std@@@std@@QAEXHH@Z,0x9d4af0,0x33
??$assign@V?$_Vector_iterator@V?$_Vector_val@HV?$allocator@H@std@@@std@@@std@@@?$vector@HV?$allocator@H@std@@@std@@QAEXV?$_Vector_iterator@V?$_Vector_val@HV?$allocator@H@std@@@std@@@1@0@Z,0x9d91f0,0x34
??$?0V?$_Vector_iterator@V?$_Vector_val@HV?$allocator@H@std@@@std@@@std@@@?$vector@HV?$allocator@H@std@@@std@@QAE@V?$_Vector_iterator@V?$_Vector_val@HV?$allocator@H@std@@@std@@@1@0@Z,0x9d94a0,0x82
