# op_v4a: UI consoles 0x889000-0x96a000, Beta 17.1
?opq4a_unknown889950@@YAXXZ,0x889950,0xb7
CVolleyButtons::CVolleyButtons,0x889a70,0x197
CVolley::CVolley,0x889c10,0x152
CVolley::update,0x889df0,0x1c4
CPartsButton::draw,0x88b680,0xc1
CPartsButtons::CPartsButtons,0x88b7c0,0x1a1
CPartInfo::CPartInfo,0x88b970,0xe9
CPart::input,0x890540,0x1cc
CPart::unknown890710,0x890710,0x49e
CParts::CParts,0x893c70,0x4a6
CShellButton::input,0x90b200,0xd2
CShellText::update,0x90b6f0,0x68
CShellText::trigger,0x90b760,0xee
CShellText::unknown90b850,0x90b850,0x264
CShell::CShell,0x90bac0,0x1c9
CShell::close,0x90c690,0x66
CShell::update,0x90c3a0,0x2e7
?unknown966c10@OpV4a_EffectMgr@@QAEXHH@Z,0x966c10,0x1ac
