# op_v4e: std vector _Insert instances (defined implicitly by op_t8d.cpp insert<> instances), 0x9f5000-0x9fd000
??$_Insert@V?$_Vector_iterator@V?$_Vector_val@UOpT8d_H4@@V?$allocator@UOpT8d_H4@@@std@@@std@@@std@@@?$vector@UOpT8d_H4@@V?$allocator@UOpT8d_H4@@@std@@@std@@QAEXV?$_Vector_const_iterator@V?$_Vector_val@UOpT8d_H4@@V?$allocator@UOpT8d_H4@@@std@@@std@@@1@V?$_Vector_iterator@V?$_Vector_val@UOpT8d_H4@@V?$allocator@UOpT8d_H4@@@std@@@std@@@1@1Uforward_iterator_tag@1@@Z,0x9f72b0,0x24f
??$_Insert@V?$_Vector_iterator@V?$_Vector_val@UOpT8d_Area@@V?$allocator@UOpT8d_Area@@@std@@@std@@@std@@@?$vector@UOpT8d_Area@@V?$allocator@UOpT8d_Area@@@std@@@std@@QAEXV?$_Vector_const_iterator@V?$_Vector_val@UOpT8d_Area@@V?$allocator@UOpT8d_Area@@@std@@@std@@@1@V?$_Vector_iterator@V?$_Vector_val@UOpT8d_Area@@V?$allocator@UOpT8d_Area@@@std@@@std@@@1@1Uforward_iterator_tag@1@@Z,0x9f75b0,0x24f
??$_Insert@V?$_Vector_iterator@V?$_Vector_val@V?$basic_string@DU?$char_traits@D@std@@V?$allocator@D@2@@std@@V?$allocator@V?$basic_string@DU?$char_traits@D@std@@V?$allocator@D@2@@std@@@2@@std@@@std@@@?$vector@V?$basic_string@DU?$char_traits@D@std@@V?$allocator@D@2@@std@@V?$allocator@V?$basic_string@DU?$char_traits@D@std@@V?$allocator@D@2@@std@@@2@@std@@QAEXV?$_Vector_const_iterator@V?$_Vector_val@V?$basic_string@DU?$char_traits@D@std@@V?$allocator@D@2@@std@@V?$allocator@V?$basic_string@DU?$char_traits@D@std@@V?$allocator@D@2@@std@@@2@@std@@@1@V?$_Vector_iterator@V?$_Vector_val@V?$basic_string@DU?$char_traits@D@std@@V?$allocator@D@2@@std@@V?$allocator@V?$basic_string@DU?$char_traits@D@std@@V?$allocator@D@2@@std@@@2@@std@@@1@1Uforward_iterator_tag@1@@Z,0x9f7c40,0x254
??$_Insert@V?$_Vector_iterator@V?$_Vector_val@PAUOpT8d_H4@@V?$allocator@PAUOpT8d_H4@@@std@@@std@@@std@@@?$vector@PAUOpT8d_H4@@V?$allocator@PAUOpT8d_H4@@@std@@@std@@QAEXV?$_Vector_const_iterator@V?$_Vector_val@PAUOpT8d_H4@@V?$allocator@PAUOpT8d_H4@@@std@@@std@@@1@V?$_Vector_iterator@V?$_Vector_val@PAUOpT8d_H4@@V?$allocator@PAUOpT8d_H4@@@std@@@std@@@1@1Uforward_iterator_tag@1@@Z,0x9f83a0,0x249
??$insert@V?$_Vector_iterator@V?$_Vector_val@UOpV4e_S16@@V?$allocator@UOpV4e_S16@@@std@@@std@@@std@@@?$vector@UOpV4e_S16@@V?$allocator@UOpV4e_S16@@@std@@@std@@QAEXV?$_Vector_const_iterator@V?$_Vector_val@UOpV4e_S16@@V?$allocator@UOpV4e_S16@@@std@@@std@@@1@V?$_Vector_iterator@V?$_Vector_val@UOpV4e_S16@@V?$allocator@UOpV4e_S16@@@std@@@std@@@1@1@Z,0x9efb10,0x3d
??$_Insert@V?$_Vector_iterator@V?$_Vector_val@UOpV4e_S16@@V?$allocator@UOpV4e_S16@@@std@@@std@@@std@@@?$vector@UOpV4e_S16@@V?$allocator@UOpV4e_S16@@@std@@@std@@QAEXV?$_Vector_const_iterator@V?$_Vector_val@UOpV4e_S16@@V?$allocator@UOpV4e_S16@@@std@@@std@@@1@V?$_Vector_iterator@V?$_Vector_val@UOpV4e_S16@@V?$allocator@UOpV4e_S16@@@std@@@std@@@1@1Uforward_iterator_tag@1@@Z,0x9f93e0,0x24f
??$_Unguarded_partition@PAUOpT8d_H4@@@std@@YA?AU?$pair@PAUOpT8d_H4@@PAU1@@0@PAUOpT8d_H4@@0@Z,0x9f7830,0x295
??$_Unguarded_partition@PAV?$basic_string@DU?$char_traits@D@std@@V?$allocator@D@2@@std@@@std@@YA?AU?$pair@PAV?$basic_string@DU?$char_traits@D@std@@V?$allocator@D@2@@std@@PAV12@@0@PAV?$basic_string@DU?$char_traits@D@std@@V?$allocator@D@2@@0@0@Z,0x9f7f80,0x2ae
??$_Unguarded_partition@PAPAUOpT8d_H4@@P6A_NPAU1@0@Z@std@@YA?AU?$pair@PAPAUOpT8d_H4@@PAPAU1@@0@PAPAUOpT8d_H4@@0P6A_NPAU2@1@Z@Z,0x9f8770,0x2b5
??$_Unguarded_partition@PAUOpT8d_H4@@P6A_NU1@0@Z@std@@YA?AU?$pair@PAUOpT8d_H4@@PAU1@@0@PAUOpT8d_H4@@0P6A_NU2@1@Z@Z,0x9f8cd0,0x2b5
??$rotate@PAUPoint@@@std@@YAPAUPoint@@PAU1@00@Z,0x9f6d10,0x7b
??$make_heap@PAUOpT8d_H4@@@std@@YAXPAUOpT8d_H4@@0@Z,0x9f7ad0,0x4f
??$_Random_shuffle@V?$_Vb_iterator@V?$allocator@_N@std@@@std@@P6AHH@ZH@std@@YAXV?$_Vb_iterator@V?$allocator@_N@std@@@0@0AAP6AHH@ZPAH@Z,0x9f7ea0,0x7a
??$distance@V?$_Vb_iterator@V?$allocator@_N@std@@@std@@@std@@YAHV?$_Vb_iterator@V?$allocator@_N@std@@@0@0@Z,0x9f86f0,0x44
??$make_heap@PAPAUOpT8d_H4@@P6A_NPAU1@0@Z@std@@YAXPAPAUOpT8d_H4@@0P6A_NPAU1@1@Z@Z,0x9f8a30,0x53
??$distance@PAUOpT8d_H4@@@std@@YAHPAUOpT8d_H4@@0@Z,0x9f70e0,0x3c
??$_Rotate@PAUOpT8d_H4@@@std@@YAXPAUOpT8d_H4@@00Urandom_access_iterator_tag@0@@Z,0x9f7500,0x33
??$make_heap@PAV?$basic_string@DU?$char_traits@D@std@@V?$allocator@D@2@@std@@@std@@YAXPAV?$basic_string@DU?$char_traits@D@std@@V?$allocator@D@2@@0@0@Z,0x9f8230,0x54
??$emplace@AAUOpV4e_W4@@@?$vector@UOpV4e_W4@@V?$allocator@UOpV4e_W4@@@std@@@std@@QAE?AV?$_Vector_iterator@V?$_Vector_val@UOpV4e_W4@@V?$allocator@UOpV4e_W4@@@std@@@std@@@1@V?$_Vector_const_iterator@V?$_Vector_val@UOpV4e_W4@@V?$allocator@UOpV4e_W4@@@std@@@std@@@1@AAUOpV4e_W4@@@Z,0x9f82f0,0xa5
??$emplace@AAPAUOpT8d_H4@@@?$vector@PAUOpT8d_H4@@V?$allocator@PAUOpT8d_H4@@@std@@@std@@QAE?AV?$_Vector_iterator@V?$_Vector_val@PAUOpT8d_H4@@V?$allocator@PAUOpT8d_H4@@@std@@@std@@@1@V?$_Vector_const_iterator@V?$_Vector_val@PAUOpT8d_H4@@V?$allocator@PAUOpT8d_H4@@@std@@@std@@@1@AAPAUOpT8d_H4@@@Z,0x9f8a90,0xa5
??$make_heap@PAUOpT8d_H4@@P6A_NU1@0@Z@std@@YAXPAUOpT8d_H4@@0P6A_NU1@1@Z@Z,0x9f8f90,0x53
??$distance@V?$_Vector_iterator@V?$_Vector_val@UOpV4e_R8a@@V?$allocator@UOpV4e_R8a@@@std@@@std@@@std@@@std@@YAHV?$_Vector_iterator@V?$_Vector_val@UOpV4e_R8a@@V?$allocator@UOpV4e_R8a@@@std@@@std@@@0@0@Z,0x9f7540,0x3c
??$distance@V?$_Vector_iterator@V?$_Vector_val@UOpV4e_R8b@@V?$allocator@UOpV4e_R8b@@@std@@@std@@@std@@@std@@YAHV?$_Vector_iterator@V?$_Vector_val@UOpV4e_R8b@@V?$allocator@UOpV4e_R8b@@@std@@@std@@@0@0@Z,0x9f8630,0x3c
??$_Rotate@PAUOpV4e_R8c@@@std@@YAXPAUOpV4e_R8c@@00Urandom_access_iterator_tag@0@@Z,0x9f85f0,0x33
??$AllocateInternal@UOpV4e_Meta@@@OpV4e_Arena@@QAEPAX_N@Z,0x9f9f10,0x56
??$arena_destruct_object@UOpV4e_Meta@@@internal@protobuf@google@@YAXPAX@Z,0x9ff1d0,0xf
