# op_x2: matches in [0x409000,0x581000)
?set_error_message@PostScoresheetResponse@Protobuf@@QAEXPBDI@Z,0x44d000,0x8a
JLog::get,0x411110,0x1c1
OpX2_C4611c0::swapOrShift,0x4611c0,0x90
OpX2_Cell461250::unknown461250,0x461250,0x138
OpR1a_AudioMixer::playSoundGroup,0x41a230,0x445
OpS1c_Lists::hasOnlyList24,0x4595f0,0x47
XFontData::loadCharmap,0x42e850,0x5be
XFontData::setBitmap,0x42efa0,0x58c
OpR1e_Spawner::OpR1e_Spawner,0x45ba00,0x1dc
OpR2D_Rec57f0b0::OpR2D_Rec57f0b0,0x57f0b0,0x62
OpS1f_ItemRec::increase48b8c0,0x48b8c0,0x5b
SEntityShoot::~SEntityShoot,0x45b620,0x7d
OpS1f_ItemRec::OpS1f_ItemRec,0x48b720,0x11f
OpS1f_ItemRec::~OpS1f_ItemRec,0x48b840,0x7b
OpR1h_Consoles::~OpR1h_Consoles,0x48bed0,0x7c
OpX2_Holder455030::~OpX2_Holder455030,0x455030,0x7d
OpX2_Holder455030::clear455010,0x455010,0x17
