# pathing area: Cartographer2D, Dijkstra cost callbacks, Bresenham steppers (byte-verified)
??0Bresenham2DStepper@@QAE@XZ,0x410010,0x17
??0Bresenham2DStepper@@QAE@HHHH@Z,0x410030,0x31
?init@Bresenham2DStepper@@QAEXHHHH@Z,0x410070,0x11d
?init@Bresenham2DStepper@@QAEXABUPoint@@0@Z,0x410190,0x2f
??1Bresenham2DStepper@@UAE@XZ,0x4101c0,0x14
?step@Bresenham2DStepper@@QAEXXZ,0x4101e0,0xbd
?next@Bresenham2DStepper@@QAEXAAUPoint@@@Z,0x4102a0,0x2b
??_GBresenham2DStepper@@UAEPAXI@Z,0x4102d0,0x2d
??0Bresenham2DStepperSubcell@@QAE@XZ,0x410300,0x1f
??0Bresenham2DStepperSubcell@@QAE@ABUPoint@@000H@Z,0x410320,0x3d
?init@Bresenham2DStepperSubcell@@QAEXHHHHHHHHH@Z,0x410360,0x4a
?init@Bresenham2DStepperSubcell@@QAEXABUPoint@@000H@Z,0x4103b0,0x4d
??1Bresenham2DStepperSubcell@@UAE@XZ,0x410400,0x1c
?next@Bresenham2DStepperSubcell@@QAE_NAAUPoint@@0@Z,0x410420,0x65
?getDelta@Bresenham2DStepper@@QAEXAAUPoint@@@Z,0x410490,0x24
??_EBresenham2DStepperSubcell@@UAEPAXI@Z,0x4104c0,0x2d
??_GBresenham2DStepperSubcell@@UAEPAXI@Z,0x4104c0,0x2d
?clearDijkstraResults@@YAXXZ,0x4faf40,0x19
?findFirstDijkstraRange@@YAXXZ,0x4faf60,0x89
?findNextDijkstraRange@@YA_NXZ,0x4faff0,0x9a
?getDijkstraDistance@@YAHABUPoint@@@Z,0x4fb090,0x45
?getMoveCost@DijkstraCostPlaceItem@@UAE_NHHHHPAXAAH@Z,0x4fb0e0,0x5d
??0DijkstraCostPlaceItem@@QAE@XZ,0x4fb230,0x1f
??0Cartographer2DDijkstraCost@@QAE@XZ,0x4fb250,0x17
?getMoveCost@DijkstraCostPlaceEntity@@UAE_NHHHHPAXAAH@Z,0x4fb270,0x63
?checkCell@DijkstraCostPlaceEntity@@UAE_NHHPAXH@Z,0x4fb2e0,0x66
??0DijkstraCostPlaceEntity@@QAE@XZ,0x4fb350,0x1f
?getMoveCost@DijkstraCostFollowPlayer@@UAE_NHHHHPAXAAH@Z,0x4fb370,0x83
?checkCell@DijkstraCostFollowPlayer@@UAE_NHHPAXH@Z,0x4fb400,0x86
??0DijkstraCostFollowPlayer@@QAE@XZ,0x4fb490,0x1f
?getMoveCost@DijkstraCostPlaceProp@@UAE_NHHHHPAXAAH@Z,0x4fb4b0,0x61
?checkCell@DijkstraCostPlaceProp@@UAE_NHHPAXH@Z,0x4fb520,0x64
??0DijkstraCostPlaceProp@@QAE@XZ,0x4fb590,0x1f
?checkCell@DijkstraCostAvoidEntrance@@UAE_NHHPAXH@Z,0x4fb5b0,0x1c1
??0DijkstraCostAvoidEntrance@@QAE@XZ,0x4fb780,0x1f
?getMoveCost@DijkstraCostFindHaulers@@UAE_NHHHHPAXAAH@Z,0x4fb7a0,0x3e
?getMoveCost@DijkstraCostFindItems@@UAE_NHHHHPAXAAH@Z,0x4fb7a0,0x3e
?checkCell@DijkstraCostFindItems@@UAE_NHHPAXH@Z,0x4fb7e0,0x5d
??0DijkstraCostFindItems@@QAE@XZ,0x4fb840,0x1f
?getMoveCost@DijkstraCostAvoidEntrance@@UAE_NHHHHPAXAAH@Z,0x4fb860,0x42
?getMoveCost@DijkstraCostFindShortcuts@@UAE_NHHHHPAXAAH@Z,0x4fb860,0x42
?getMoveCost@DijkstraCostFindTraps@@UAE_NHHHHPAXAAH@Z,0x4fb860,0x42
?checkCell@DijkstraCostFindShortcuts@@UAE_NHHPAXH@Z,0x4fb8b0,0x52
??0DijkstraCostFindShortcuts@@QAE@XZ,0x4fb910,0x1f
?checkCell@DijkstraCostFindTraps@@UAE_NHHPAXH@Z,0x4fb930,0x8f
??0DijkstraCostFindTraps@@QAE@XZ,0x4fb9c0,0x1f
?getMoveCost@DijkstraCostRevealLayout@@UAE_NHHHHPAXAAH@Z,0x4fb9e0,0x17f
?checkCell@DijkstraCostRevealLayout@@UAE_NHHPAXH@Z,0x4fbb60,0x4c
??0DijkstraCostRevealLayout@@QAE@XZ,0x4fbbb0,0x1f
?getMoveCost@DijkstraCostFindNoninteractiveMachine@@UAE_NHHHHPAXAAH@Z,0x4fbbd0,0xd3
?checkCell@DijkstraCostFindNoninteractiveMachine@@UAE_NHHPAXH@Z,0x4fbcb0,0xcd
??0DijkstraCostFindNoninteractiveMachine@@QAE@XZ,0x4fbd80,0x1f
?checkCell@DijkstraCostFindHackActionTargetHoldBot@@UAE_NHHPAXH@Z,0x4fbda0,0x17c
??0DijkstraCostFindHackActionTargetHoldBot@@QAE@XZ,0x4fbf20,0x1f
?getMoveCost@DijkstraCostFindHackActionTargetDeconstructBot@@UAE_NHHHHPAXAAH@Z,0x4fbf40,0x45
?getMoveCost@DijkstraCostFindHackActionTargetHoldBot@@UAE_NHHHHPAXAAH@Z,0x4fbf40,0x45
?getMoveCost@DijkstraCostWalls@@UAE_NHHHHPAXAAH@Z,0x4fbf40,0x45
?checkCell@DijkstraCostFindHackActionTargetDeconstructBot@@UAE_NHHPAXH@Z,0x4fbf90,0x179
??0DijkstraCostFindHackActionTargetDeconstructBot@@QAE@XZ,0x4fc110,0x1f
??0DijkstraCostFindHaulers@@QAE@XZ,0x4fc250,0x1f
?checkCell@DijkstraCostWalls@@UAE_NHHPAXH@Z,0x4fc270,0x4c
??0DijkstraCostWalls@@QAE@XZ,0x4fc2c0,0x1f
?getMoveCost@DijkstraCostEarth@@UAE_NHHHHPAXAAH@Z,0x4fc2e0,0x18
?checkCell@DijkstraCostEarth@@UAE_NHHPAXH@Z,0x4fc300,0x4d
??0DijkstraCostEarth@@QAE@XZ,0x4fc350,0x1f
?checkCell@DijkstraCostMapRoute@@UAE_NHHPAXH@Z,0x4fc4e0,0x2c
??0DijkstraCostMapRoute@@QAE@XZ,0x4fc510,0x1f
?check@DijkstraAutoexploreCheck@@UAE_NHH@Z,0x4fc530,0x2a
??0DijkstraAutoexploreCheck@@QAE@XZ,0x4fc560,0x1f
??0Cartographer2DDijkstraCheck@@QAE@XZ,0x4fc580,0x17
?check@DijkstraNearestDamagedMachineCheck@@UAE_NHH@Z,0x4fc5a0,0x26
??0DijkstraNearestDamagedMachineCheck@@QAE@XZ,0x4fc5d0,0x1f
?getNeighbors@Cartographer2DDijkstraCost@@UAE_NHHPAH0PAX@Z,0x4fc5f0,0xf
?getMoveCost@DijkstraCostSubcaveWallCells@@UAE_NHHHHPAXAAH@Z,0x4fc600,0xbb
?checkCell@DijkstraCostSubcaveWallCells@@UAE_NHHPAXH@Z,0x4fc6c0,0x12b
??0DijkstraCostSubcaveWallCells@@QAE@XZ,0x4fc7f0,0x1f
?checkCell@DijkstraCostItemPushCells@@UAE_NHHPAXH@Z,0x4fc810,0x5a
?checkCell@DijkstraCostOpenCells@@UAE_NHHPAXH@Z,0x4fc810,0x5a
??0DijkstraCostOpenCells@@QAE@XZ,0x4fc870,0x1f
?getMoveCost@DijkstraCostItemPushCells@@UAE_NHHHHPAXAAH@Z,0x4fc890,0x5d
?getMoveCost@DijkstraCostOpenCells@@UAE_NHHHHPAXAAH@Z,0x4fc890,0x5d
??0DijkstraCostItemPushCells@@QAE@XZ,0x4fc8f0,0x1f
?getMoveCost@DijkstraCostFovAccessibleWallCells@@UAE_NHHHHPAXAAH@Z,0x4fc910,0x57
?getMoveCost@DijkstraCostFovEdgeOpenCells@@UAE_NHHHHPAXAAH@Z,0x4fc910,0x57
??0DijkstraCostFovEdgeOpenCells@@QAE@XZ,0x4fcab0,0x1f
??0DijkstraCostFovAccessibleWallCells@@QAE@XZ,0x4fcc40,0x1f
?checkCell@DijkstraCostGladosTurretPlacement@@UAE_NHHPAXH@Z,0x4fcc60,0x83
??0DijkstraCostGladosTurretPlacement@@QAE@XZ,0x4fccf0,0x1f
?checkCell@DijkstraCostTensionEntitiesXom@@UAE_NHHPAXH@Z,0x4fcd60,0x140
??0DijkstraCostTensionEntitiesXom@@QAE@XZ,0x4fcea0,0x1f
?checkCell@DijkstraCostWallEnemiesXom@@UAE_NHHPAXH@Z,0x4fcec0,0x188
??0DijkstraCostWallEnemiesXom@@QAE@XZ,0x4fd050,0x1f
?checkCell@DijkstraCostPartMimicXom@@UAE_NHHPAXH@Z,0x4fd070,0x95
??0DijkstraCostPartMimicXom@@QAE@XZ,0x4fd110,0x1f
?getMoveCost@DijkstraCostAllCells@@UAE_NHHHHPAXAAH@Z,0x4fd130,0x39
?checkCell@DijkstraCostAllCells@@UAE_NHHPAXH@Z,0x4fd170,0x3a
??0DijkstraCostAllCells@@QAE@XZ,0x4fd1b0,0x1f
??__EdijkstraCells@@YAXXZ,0xb5bd10,0x1c
??__EdijkstraDistances@@YAXXZ,0xb5bd30,0x1c
??__EdijkstraCostPlaceItem@@YAXXZ,0xb5bd50,0xf
??__EdijkstraCostPlaceEntity@@YAXXZ,0xb5bd60,0xf
??__EdijkstraCostFollowPlayer@@YAXXZ,0xb5bd70,0xf
??__EdijkstraCostPlaceProp@@YAXXZ,0xb5bd80,0xf
??__EdijkstraCostAvoidEntrance@@YAXXZ,0xb5bd90,0xf
??__EdijkstraCostFindItems@@YAXXZ,0xb5bda0,0xf
??__EdijkstraCostFindShortcuts@@YAXXZ,0xb5bdb0,0xf
??__EdijkstraCostFindTraps@@YAXXZ,0xb5bdc0,0xf
??__EdijkstraCostRevealLayout@@YAXXZ,0xb5bdd0,0xf
??__EdijkstraCostFindNoninteractiveMachine@@YAXXZ,0xb5bde0,0xf
??__EdijkstraCostFindHackActionTargetHoldBot@@YAXXZ,0xb5bdf0,0xf
??__EdijkstraCostFindHackActionTargetDeconstructBot@@YAXXZ,0xb5be00,0xf
??__EdijkstraCostFindHaulers@@YAXXZ,0xb5be10,0xf
??__EdijkstraCostWalls@@YAXXZ,0xb5be20,0xf
??__EdijkstraCostEarth@@YAXXZ,0xb5be30,0xf
??__EdijkstraCostMapRoute@@YAXXZ,0xb5be40,0xf
??__EdijkstraAutoexploreCheck@@YAXXZ,0xb5be50,0xf
??__EdijkstraNearestDamagedMachineCheck@@YAXXZ,0xb5be60,0xf
??__EdijkstraCostSubcaveWallCells@@YAXXZ,0xb5be70,0xf
??__EdijkstraCostOpenCells@@YAXXZ,0xb5be80,0xf
??__EdijkstraCostItemPushCells@@YAXXZ,0xb5be90,0xf
??__EdijkstraCostFovEdgeOpenCells@@YAXXZ,0xb5bea0,0xf
??__EdijkstraCostFovAccessibleWallCells@@YAXXZ,0xb5beb0,0xf
??__EdijkstraCostGladosTurretPlacement@@YAXXZ,0xb5bec0,0xf
??__EdijkstraCostTensionEntitiesXom@@YAXXZ,0xb5bed0,0xf
??__EdijkstraCostWallEnemiesXom@@YAXXZ,0xb5bee0,0xf
??__EdijkstraCostPartMimicXom@@YAXXZ,0xb5bef0,0xf
??__EdijkstraCostAllCells@@YAXXZ,0xb5bf00,0xf
??__FdijkstraCells@@YAXXZ,0xb60070,0xf
??__FdijkstraDistances@@YAXXZ,0xb60080,0xf
