# strict_repairs: callee mappings re-pointed/added after the strict verifier exposed wrong rows (scratch/{GetWidthFix,TreeGaps,VectorCallees,PointArrayStubs})
?getWidth@XConsole@@QAEHXZ,0x44b0d0,0x16
??0?$vector@V?$basic_string@DU?$char_traits@D@std@@V?$allocator@D@2@@std@@V?$allocator@V?$basic_string@DU?$char_traits@D@std@@V?$allocator@D@2@@std@@@2@@std@@QAE@XZ,0x9b8e80,0x23
?push_back@?$vector@V?$basic_string@DU?$char_traits@D@std@@V?$allocator@D@2@@std@@V?$allocator@V?$basic_string@DU?$char_traits@D@std@@V?$allocator@D@2@@std@@@2@@std@@QAEX$$QAV?$basic_string@DU?$char_traits@D@std@@V?$allocator@D@2@@2@@Z,0x9b0340,0x115
?erase@?$vector@UPoint@@V?$allocator@UPoint@@@std@@@std@@QAE?AV?$_Vector_iterator@V?$_Vector_val@UPoint@@V?$allocator@UPoint@@@std@@@std@@@2@V?$_Vector_const_iterator@V?$_Vector_val@UPoint@@V?$allocator@UPoint@@@std@@@std@@@2@@Z,0x9b3450,0x62
??0?$vector@DV?$allocator@D@std@@@std@@QAE@XZ,0x9b8e80,0x23
?begin@?$vector@UPos@@V?$allocator@UPos@@@std@@@std@@QAE?AV?$_Vector_iterator@V?$_Vector_val@UPos@@V?$allocator@UPos@@@std@@@std@@@2@XZ,0x9c1270,0x22
??0?$vector@HV?$allocator@H@std@@@std@@QAE@IABH@Z,0x9b18d0,0x76
?push_back@?$vector@PAUItemEffect@@V?$allocator@PAUItemEffect@@@std@@@std@@QAEX$$QAPAUItemEffect@@@Z,0x9b9280,0x110
??0?$vector@IV?$allocator@I@std@@@std@@QAE@IABI@Z,0x9b18d0,0x76
??0?$vector@UXColor@@V?$allocator@UXColor@@@std@@@std@@QAE@XZ,0x9b8e80,0x23
??0?$vector@IV?$allocator@I@std@@@std@@QAE@ABV01@@Z,0x9f5990,0xe9
?erase@?$vector@IV?$allocator@I@std@@@std@@QAE?AV?$_Vector_iterator@V?$_Vector_val@IV?$allocator@I@std@@@std@@@2@V?$_Vector_const_iterator@V?$_Vector_val@IV?$allocator@I@std@@@std@@@2@0@Z,0x9c1df0,0x91
?erase@?$vector@VHEntity@@V?$allocator@VHEntity@@@std@@@std@@QAE?AV?$_Vector_iterator@V?$_Vector_val@VHEntity@@V?$allocator@VHEntity@@@std@@@std@@@2@V?$_Vector_const_iterator@V?$_Vector_val@VHEntity@@V?$allocator@VHEntity@@@std@@@std@@@2@@Z,0x9e82e0,0x62
?push_back@?$vector@HV?$allocator@H@std@@@std@@QAEX$$QAH@Z,0x9b9280,0x110
??$_Cons_val@V?$allocator@H@std@@HH@std@@YAXAAV?$allocator@H@0@PAH$$QAH@Z,0x9e3960,0x1e
?construct@?$allocator@H@std@@QAEXPAH$$QAH@Z,0x9e7cc0,0x4e
?back@?$vector@HV?$allocator@H@std@@@std@@QAEAAHXZ,0x9b6540,0x2d
??G?$_Vector_iterator@V?$_Vector_val@HV?$allocator@H@std@@@std@@@std@@QBE?AV01@H@Z,0x9c22c0,0x2d
??D?$_Vector_iterator@V?$_Vector_val@HV?$allocator@H@std@@@std@@@std@@QBEAAHXZ,0x9c1f70,0x13
??1?$vector@VHItem@@V?$allocator@VHItem@@@std@@@std@@QAE@XZ,0x9b7e00,0x53
?_Tidy@?$vector@VHItem@@V?$allocator@VHItem@@@std@@@std@@IAEXXZ,0x9c0a10,0x6e
??1?$_Vector_val@VHItem@@V?$allocator@VHItem@@@std@@@std@@QAE@XZ,0x9c05e0,0xb
?_Destroy@?$vector@VHItem@@V?$allocator@VHItem@@@std@@@std@@IAEXPAVHItem@@0@Z,0x9c60c0,0x24
?deallocate@?$allocator@VHItem@@@std@@QAEXPAVHItem@@I@Z,0x9c61c0,0x1a
??$_Destroy_range@V?$allocator@VHItem@@@std@@@std@@YAXPAVHItem@@0AAV?$allocator@VHItem@@@0@@Z,0x9e5a90,0x34
??$_Destroy_range@V?$allocator@VHItem@@@std@@@std@@YAXPAVHItem@@0AAV?$allocator@VHItem@@@0@U_Nonscalar_ptr_iterator_tag@0@@Z,0x9f2310,0x2a
??$_Dest_val@V?$allocator@VHItem@@@std@@VHItem@@@std@@YAXAAV?$allocator@VHItem@@@0@PAVHItem@@@Z,0x9e42f0,0x11
?destroy@?$allocator@VHItem@@@std@@QAEXPAVHItem@@@Z,0x9e9740,0x19
??1?$vector@VHProp@@V?$allocator@VHProp@@@std@@@std@@QAE@XZ,0x9b7e00,0x53
?_Tidy@?$vector@VHProp@@V?$allocator@VHProp@@@std@@@std@@IAEXXZ,0x9c0a10,0x6e
??1?$_Vector_val@VHProp@@V?$allocator@VHProp@@@std@@@std@@QAE@XZ,0x9c05e0,0xb
?_Destroy@?$vector@VHProp@@V?$allocator@VHProp@@@std@@@std@@IAEXPAVHProp@@0@Z,0x9c60c0,0x24
?deallocate@?$allocator@VHProp@@@std@@QAEXPAVHProp@@I@Z,0x9c61c0,0x1a
??$_Destroy_range@V?$allocator@VHProp@@@std@@@std@@YAXPAVHProp@@0AAV?$allocator@VHProp@@@0@@Z,0x9e5a90,0x34
??$_Destroy_range@V?$allocator@VHProp@@@std@@@std@@YAXPAVHProp@@0AAV?$allocator@VHProp@@@0@U_Nonscalar_ptr_iterator_tag@0@@Z,0x9f2310,0x2a
??$_Dest_val@V?$allocator@VHProp@@@std@@VHProp@@@std@@YAXAAV?$allocator@VHProp@@@0@PAVHProp@@@Z,0x9e42f0,0x11
?destroy@?$allocator@VHProp@@@std@@QAEXPAVHProp@@@Z,0x9e9740,0x19
?push_back@?$vector@IV?$allocator@I@std@@@std@@QAEX$$QAI@Z,0x9b9280,0x110
??$_Cons_val@V?$allocator@I@std@@II@std@@YAXAAV?$allocator@I@0@PAI$$QAI@Z,0x9e3960,0x1e
?construct@?$allocator@I@std@@QAEXPAI$$QAI@Z,0x9e7cc0,0x4e
?construct@?$allocator@V?$basic_string@DU?$char_traits@D@std@@V?$allocator@D@2@@std@@@std@@QAEXPAV?$basic_string@DU?$char_traits@D@std@@V?$allocator@D@2@@2@$$QAV32@@Z,0x9e7990,0x85
?back@?$vector@PAULogMsg@@V?$allocator@PAULogMsg@@@std@@@std@@QAEAAPAULogMsg@@XZ,0x9b6540,0x2d
??G?$_Vector_iterator@V?$_Vector_val@PAULogMsg@@V?$allocator@PAULogMsg@@@std@@@std@@@std@@QBE?AV01@H@Z,0x9c22c0,0x2d
??D?$_Vector_iterator@V?$_Vector_val@PAULogMsg@@V?$allocator@PAULogMsg@@@std@@@std@@@std@@QBEAAPAULogMsg@@XZ,0x9c1f70,0x13
?end@?$vector@PAULogMsg@@V?$allocator@PAULogMsg@@@std@@@std@@QAE?AV?$_Vector_iterator@V?$_Vector_val@PAULogMsg@@V?$allocator@PAULogMsg@@@std@@@std@@@2@XZ,0x9e9b30,0x23
??Z?$_Vector_iterator@V?$_Vector_val@PAULogMsg@@V?$allocator@PAULogMsg@@@std@@@std@@@std@@QAEAAV01@H@Z,0x9c7e90,0x1b
??Y?$_Vector_iterator@V?$_Vector_val@PAULogMsg@@V?$allocator@PAULogMsg@@@std@@@std@@@std@@QAEAAV01@H@Z,0x9cc060,0x1c
?back@?$vector@PAUMapRecord@@V?$allocator@PAUMapRecord@@@std@@@std@@QAEAAPAUMapRecord@@XZ,0x9b6540,0x2d
??G?$_Vector_iterator@V?$_Vector_val@PAUMapRecord@@V?$allocator@PAUMapRecord@@@std@@@std@@@std@@QBE?AV01@H@Z,0x9c22c0,0x2d
??D?$_Vector_iterator@V?$_Vector_val@PAUMapRecord@@V?$allocator@PAUMapRecord@@@std@@@std@@@std@@QBEAAPAUMapRecord@@XZ,0x9c1f70,0x13
?end@?$vector@PAUMapRecord@@V?$allocator@PAUMapRecord@@@std@@@std@@QAE?AV?$_Vector_iterator@V?$_Vector_val@PAUMapRecord@@V?$allocator@PAUMapRecord@@@std@@@std@@@2@XZ,0x9e9b30,0x23
??Z?$_Vector_iterator@V?$_Vector_val@PAUMapRecord@@V?$allocator@PAUMapRecord@@@std@@@std@@@std@@QAEAAV01@H@Z,0x9c7e90,0x1b
??Y?$_Vector_iterator@V?$_Vector_val@PAUMapRecord@@V?$allocator@PAUMapRecord@@@std@@@std@@@std@@QAEAAV01@H@Z,0x9cc060,0x1c
?back@?$vector@PAVCListOption@@V?$allocator@PAVCListOption@@@std@@@std@@QAEAAPAVCListOption@@XZ,0x9b6540,0x2d
??G?$_Vector_iterator@V?$_Vector_val@PAVCListOption@@V?$allocator@PAVCListOption@@@std@@@std@@@std@@QBE?AV01@H@Z,0x9c22c0,0x2d
??D?$_Vector_iterator@V?$_Vector_val@PAVCListOption@@V?$allocator@PAVCListOption@@@std@@@std@@@std@@QBEAAPAVCListOption@@XZ,0x9c1f70,0x13
?end@?$vector@PAVCListOption@@V?$allocator@PAVCListOption@@@std@@@std@@QAE?AV?$_Vector_iterator@V?$_Vector_val@PAVCListOption@@V?$allocator@PAVCListOption@@@std@@@std@@@2@XZ,0x9e9b30,0x23
??Z?$_Vector_iterator@V?$_Vector_val@PAVCListOption@@V?$allocator@PAVCListOption@@@std@@@std@@@std@@QAEAAV01@H@Z,0x9c7e90,0x1b
??Y?$_Vector_iterator@V?$_Vector_val@PAVCListOption@@V?$allocator@PAVCListOption@@@std@@@std@@@std@@QAEAAV01@H@Z,0x9cc060,0x1c
?back@?$vector@PAVXBuffer@@V?$allocator@PAVXBuffer@@@std@@@std@@QAEAAPAVXBuffer@@XZ,0x9b6540,0x2d
??G?$_Vector_iterator@V?$_Vector_val@PAVXBuffer@@V?$allocator@PAVXBuffer@@@std@@@std@@@std@@QBE?AV01@H@Z,0x9c22c0,0x2d
??D?$_Vector_iterator@V?$_Vector_val@PAVXBuffer@@V?$allocator@PAVXBuffer@@@std@@@std@@@std@@QBEAAPAVXBuffer@@XZ,0x9c1f70,0x13
?end@?$vector@PAVXBuffer@@V?$allocator@PAVXBuffer@@@std@@@std@@QAE?AV?$_Vector_iterator@V?$_Vector_val@PAVXBuffer@@V?$allocator@PAVXBuffer@@@std@@@std@@@2@XZ,0x9e9b30,0x23
??Z?$_Vector_iterator@V?$_Vector_val@PAVXBuffer@@V?$allocator@PAVXBuffer@@@std@@@std@@@std@@QAEAAV01@H@Z,0x9c7e90,0x1b
??Y?$_Vector_iterator@V?$_Vector_val@PAVXBuffer@@V?$allocator@PAVXBuffer@@@std@@@std@@@std@@QAEAAV01@H@Z,0x9cc060,0x1c
?back@?$vector@PAVCLogMsgConsole@@V?$allocator@PAVCLogMsgConsole@@@std@@@std@@QAEAAPAVCLogMsgConsole@@XZ,0x9b6540,0x2d
??G?$_Vector_iterator@V?$_Vector_val@PAVCLogMsgConsole@@V?$allocator@PAVCLogMsgConsole@@@std@@@std@@@std@@QBE?AV01@H@Z,0x9c22c0,0x2d
??D?$_Vector_iterator@V?$_Vector_val@PAVCLogMsgConsole@@V?$allocator@PAVCLogMsgConsole@@@std@@@std@@@std@@QBEAAPAVCLogMsgConsole@@XZ,0x9c1f70,0x13
?end@?$vector@PAVCLogMsgConsole@@V?$allocator@PAVCLogMsgConsole@@@std@@@std@@QAE?AV?$_Vector_iterator@V?$_Vector_val@PAVCLogMsgConsole@@V?$allocator@PAVCLogMsgConsole@@@std@@@std@@@2@XZ,0x9e9b30,0x23
??Z?$_Vector_iterator@V?$_Vector_val@PAVCLogMsgConsole@@V?$allocator@PAVCLogMsgConsole@@@std@@@std@@@std@@QAEAAV01@H@Z,0x9c7e90,0x1b
??Y?$_Vector_iterator@V?$_Vector_val@PAVCLogMsgConsole@@V?$allocator@PAVCLogMsgConsole@@@std@@@std@@@std@@QAEAAV01@H@Z,0x9cc060,0x1c
?back@?$vector@PAVCCommandButton@@V?$allocator@PAVCCommandButton@@@std@@@std@@QAEAAPAVCCommandButton@@XZ,0x9b6540,0x2d
??G?$_Vector_iterator@V?$_Vector_val@PAVCCommandButton@@V?$allocator@PAVCCommandButton@@@std@@@std@@@std@@QBE?AV01@H@Z,0x9c22c0,0x2d
??D?$_Vector_iterator@V?$_Vector_val@PAVCCommandButton@@V?$allocator@PAVCCommandButton@@@std@@@std@@@std@@QBEAAPAVCCommandButton@@XZ,0x9c1f70,0x13
??Z?$_Vector_iterator@V?$_Vector_val@PAVCCommandButton@@V?$allocator@PAVCCommandButton@@@std@@@std@@@std@@QAEAAV01@H@Z,0x9c7e90,0x1b
??Y?$_Vector_iterator@V?$_Vector_val@PAVCCommandButton@@V?$allocator@PAVCCommandButton@@@std@@@std@@@std@@QAEAAV01@H@Z,0x9cc060,0x1c
?back@?$vector@UPoint@@V?$allocator@UPoint@@@std@@@std@@QAEAAUPoint@@XZ,0x9e8c10,0x2d
??G?$_Vector_iterator@V?$_Vector_val@UPoint@@V?$allocator@UPoint@@@std@@@std@@@std@@QBE?AV01@H@Z,0x9b36d0,0x2d
??D?$_Vector_iterator@V?$_Vector_val@UPoint@@V?$allocator@UPoint@@@std@@@std@@@std@@QBEAAUPoint@@XZ,0x9c1f70,0x13
?end@?$vector@UPoint@@V?$allocator@UPoint@@@std@@@std@@QAE?AV?$_Vector_iterator@V?$_Vector_val@UPoint@@V?$allocator@UPoint@@@std@@@std@@@2@XZ,0x9e9b30,0x23
??Z?$_Vector_iterator@V?$_Vector_val@UPoint@@V?$allocator@UPoint@@@std@@@std@@@std@@QAEAAV01@H@Z,0x9eb560,0x1b
??Y?$_Vector_iterator@V?$_Vector_val@UPoint@@V?$allocator@UPoint@@@std@@@std@@@std@@QAEAAV01@H@Z,0x9ea460,0x1c
?back@?$vector@V?$vector@HV?$allocator@H@std@@@std@@V?$allocator@V?$vector@HV?$allocator@H@std@@@std@@@2@@std@@QAEAAV?$vector@HV?$allocator@H@std@@@2@XZ,0x9b5ac0,0x2d
?end@?$vector@V?$vector@HV?$allocator@H@std@@@std@@V?$allocator@V?$vector@HV?$allocator@H@std@@@std@@@2@@std@@QAE?AV?$_Vector_iterator@V?$_Vector_val@V?$vector@HV?$allocator@H@std@@@std@@V?$allocator@V?$vector@HV?$allocator@H@std@@@std@@@2@@std@@@2@XZ,0x9e9b30,0x23
??G?$_Vector_iterator@V?$_Vector_val@V?$vector@HV?$allocator@H@std@@@std@@V?$allocator@V?$vector@HV?$allocator@H@std@@@std@@@2@@std@@@std@@QBE?AV01@H@Z,0x9c22f0,0x2d
??D?$_Vector_iterator@V?$_Vector_val@V?$vector@HV?$allocator@H@std@@@std@@V?$allocator@V?$vector@HV?$allocator@H@std@@@std@@@2@@std@@@std@@QBEAAV?$vector@HV?$allocator@H@std@@@1@XZ,0x9c1f70,0x13
??Z?$_Vector_iterator@V?$_Vector_val@V?$vector@HV?$allocator@H@std@@@std@@V?$allocator@V?$vector@HV?$allocator@H@std@@@std@@@2@@std@@@std@@QAEAAV01@H@Z,0x9c7eb0,0x1b
??Y?$_Vector_iterator@V?$_Vector_val@V?$vector@HV?$allocator@H@std@@@std@@V?$allocator@V?$vector@HV?$allocator@H@std@@@std@@@2@@std@@@std@@QAEAAV01@H@Z,0x9ea480,0x1c
??0?$_Vector_iterator@V?$_Vector_val@PAULogMsg@@V?$allocator@PAULogMsg@@@std@@@std@@@std@@QAE@PAPAULogMsg@@PBU_Container_base0@1@@Z,0x9c7f30,0x20
??0?$_Vector_const_iterator@V?$_Vector_val@PAULogMsg@@V?$allocator@PAULogMsg@@@std@@@std@@@std@@QAE@PAPAULogMsg@@PBU_Container_base0@1@@Z,0x9cc0c0,0x24
??0?$_Vector_iterator@V?$_Vector_val@PAUMapRecord@@V?$allocator@PAUMapRecord@@@std@@@std@@@std@@QAE@PAPAUMapRecord@@PBU_Container_base0@1@@Z,0x9c7f30,0x20
??0?$_Vector_const_iterator@V?$_Vector_val@PAUMapRecord@@V?$allocator@PAUMapRecord@@@std@@@std@@@std@@QAE@PAPAUMapRecord@@PBU_Container_base0@1@@Z,0x9cc0c0,0x24
??0?$_Vector_iterator@V?$_Vector_val@PAVCListOption@@V?$allocator@PAVCListOption@@@std@@@std@@@std@@QAE@PAPAVCListOption@@PBU_Container_base0@1@@Z,0x9c7f30,0x20
??0?$_Vector_const_iterator@V?$_Vector_val@PAVCListOption@@V?$allocator@PAVCListOption@@@std@@@std@@@std@@QAE@PAPAVCListOption@@PBU_Container_base0@1@@Z,0x9cc0c0,0x24
??0?$_Vector_iterator@V?$_Vector_val@PAVXBuffer@@V?$allocator@PAVXBuffer@@@std@@@std@@@std@@QAE@PAPAVXBuffer@@PBU_Container_base0@1@@Z,0x9c7f30,0x20
??0?$_Vector_const_iterator@V?$_Vector_val@PAVXBuffer@@V?$allocator@PAVXBuffer@@@std@@@std@@@std@@QAE@PAPAVXBuffer@@PBU_Container_base0@1@@Z,0x9cc0c0,0x24
??0?$_Vector_iterator@V?$_Vector_val@PAVCLogMsgConsole@@V?$allocator@PAVCLogMsgConsole@@@std@@@std@@@std@@QAE@PAPAVCLogMsgConsole@@PBU_Container_base0@1@@Z,0x9c7f30,0x20
??0?$_Vector_const_iterator@V?$_Vector_val@PAVCLogMsgConsole@@V?$allocator@PAVCLogMsgConsole@@@std@@@std@@@std@@QAE@PAPAVCLogMsgConsole@@PBU_Container_base0@1@@Z,0x9cc0c0,0x24
??0?$_Vector_iterator@V?$_Vector_val@V?$vector@HV?$allocator@H@std@@@std@@V?$allocator@V?$vector@HV?$allocator@H@std@@@std@@@2@@std@@@std@@QAE@PAV?$vector@HV?$allocator@H@std@@@1@PBU_Container_base0@1@@Z,0x9c7f30,0x20
??0?$_Vector_const_iterator@V?$_Vector_val@V?$vector@HV?$allocator@H@std@@@std@@V?$allocator@V?$vector@HV?$allocator@H@std@@@std@@@2@@std@@@std@@QAE@PAV?$vector@HV?$allocator@H@std@@@1@PBU_Container_base0@1@@Z,0x9cc0c0,0x24
??1?$vector@PAUEntityData4563c0@@V?$allocator@PAUEntityData4563c0@@@std@@@std@@QAE@XZ,0x9bac20,0x53
??1?$_Vector_val@PAUEntityData4563c0@@V?$allocator@PAUEntityData4563c0@@@std@@@std@@QAE@XZ,0x9c05e0,0xb
??1?$vector@PAUEntityData4588f0@@V?$allocator@PAUEntityData4588f0@@@std@@@std@@QAE@XZ,0x9bac20,0x53
??1?$_Vector_val@PAUEntityData4588f0@@V?$allocator@PAUEntityData4588f0@@@std@@@std@@QAE@XZ,0x9c05e0,0xb
??1?$vector@PAUUnknownEntry45c@@V?$allocator@PAUUnknownEntry45c@@@std@@@std@@QAE@XZ,0x9bac20,0x53
??1?$_Vector_val@PAUUnknownEntry45c@@V?$allocator@PAUUnknownEntry45c@@@std@@@std@@QAE@XZ,0x9c05e0,0xb
??1?$vector@PAUCellEffect@@V?$allocator@PAUCellEffect@@@std@@@std@@QAE@XZ,0x9bac20,0x53
??1?$_Vector_val@PAUCellEffect@@V?$allocator@PAUCellEffect@@@std@@@std@@QAE@XZ,0x9c05e0,0xb
??1?$vector@PAVItemBase454630@@V?$allocator@PAVItemBase454630@@@std@@@std@@QAE@XZ,0x9bac20,0x53
??1?$_Vector_val@PAVItemBase454630@@V?$allocator@PAVItemBase454630@@@std@@@std@@QAE@XZ,0x9c05e0,0xb
??1?$vector@PAVCInfoEntry@@V?$allocator@PAVCInfoEntry@@@std@@@std@@QAE@XZ,0x9bac20,0x53
??1?$_Vector_val@PAVCInfoEntry@@V?$allocator@PAVCInfoEntry@@@std@@@std@@QAE@XZ,0x9c05e0,0xb
??0Point@@QAE@XZ,0x453b40,0x21
??0Pos@@QAE@XZ,0x453b40,0x21
??0Pos@@QAE@ABU0@@Z,0x46ca50,0x26
??0Point@@QAE@H@Z,0x409990,0x21
??0Pos@@QAE@ABU0@HH@Z,0x4099c0,0x2c
??0Point@@QAE@ABU0@0@Z,0x4099f0,0x31
??R?$Array2D@H@@QAEAAHHH@Z,0x9ceda0,0x23
??R?$Array2D@H@@QAEAAHABUPoint@@@Z,0x9ced70,0x28
??R?$Array2D@H@@QAEAAHABUPos@@@Z,0x9ced70,0x28
??0Area@@QAE@ABV0@@Z,0x40b130,0x2e
?_Myptr@?$basic_string@_WU?$char_traits@_W@std@@V?$allocator@_W@2@@std@@QBEPB_WXZ,0x9bc060,0x29
?back@?$vector@UOpR6_KA_8_0@@V?$allocator@UOpR6_KA_8_0@@@std@@@std@@QAEAAUOpR6_KA_8_0@@XZ,0x9b6540,0x2d
?begin@?$basic_string@_WU?$char_traits@_W@std@@V?$allocator@_W@2@@std@@QAE?AV?$_String_iterator@_WU?$char_traits@_W@std@@V?$allocator@_W@2@@2@XZ,0x9b00e0,0x25
?begin@?$vector@UE8_0@@V?$allocator@UE8_0@@@std@@@std@@QBE?AV?$_Vector_const_iterator@V?$_Vector_val@UE8_0@@V?$allocator@UE8_0@@@std@@@std@@@2@XZ,0x9e88a0,0x22
?end@?$basic_string@_WU?$char_traits@_W@std@@V?$allocator@_W@2@@std@@QAE?AV?$_String_iterator@_WU?$char_traits@_W@std@@V?$allocator@_W@2@@2@XZ,0x9b0110,0x2e
??R?$less@V?$basic_string@DU?$char_traits@D@std@@V?$allocator@D@2@@std@@@std@@QBE_NABV?$basic_string@DU?$char_traits@D@std@@V?$allocator@D@2@@1@0@Z,0x9be6c0,0x1d
?insert@?$basic_string@DU?$char_traits@D@std@@V?$allocator@D@2@@std@@QAEAAV12@IABV12@@Z,0x9af760,0x25
?insert@?$basic_string@DU?$char_traits@D@std@@V?$allocator@D@2@@std@@QAEAAV12@IABV12@II@Z,0x9bb200,0x13a
?insert@?$basic_string@DU?$char_traits@D@std@@V?$allocator@D@2@@std@@QAEAAV12@IPBDI@Z,0x9bb340,0xf4
??G?$_Vector_const_iterator@V?$_Vector_val@DV?$allocator@D@std@@@std@@@std@@QBE?AV01@H@Z,0x9b09e0,0x2d
??Z?$_Vector_const_iterator@V?$_Vector_val@DV?$allocator@D@std@@@std@@@std@@QAEAAV01@H@Z,0x9bca30,0x1b
??0Rect@@QAE@XZ,0x40a6e0,0x35
??0Rect@@QAE@ABU0@@Z,0x40a720,0x3e
??0Area@@QAE@XZ,0x40b100,0x25
??0XEvent@@QAE@H@Z,0x415c60,0x33
??R?$Array2D@_N@@QAEAA_NHH@Z,0x9cec50,0x22
?getInventoryList@Entity@@QAEPAV?$vector@VHItem@@V?$allocator@VHItem@@@std@@@std@@XZ,0x45ab00,0x13
?getInventoryList@Entity@@QAEPAV?$vector@VHItemB@@V?$allocator@VHItemB@@@std@@@std@@XZ,0x45ab00,0x13
?begin@?$vector@UPoint@@V?$allocator@UPoint@@@std@@@std@@QBE?AV?$_Vector_const_iterator@V?$_Vector_val@UPoint@@V?$allocator@UPoint@@@std@@@std@@@2@XZ,0x9e88a0,0x22
??$_Ucopy@V?$_Vector_const_iterator@V?$_Vector_val@UPoint@@V?$allocator@UPoint@@@std@@@std@@@std@@@?$vector@UPoint@@V?$allocator@UPoint@@@std@@@std@@IAEPAUPoint@@V?$_Vector_const_iterator@V?$_Vector_val@UPoint@@V?$allocator@UPoint@@@std@@@std@@@1@0PAU2@@Z,0x9e3910,0x28
??$_Uninitialized_copy@V?$_Vector_const_iterator@V?$_Vector_val@UPoint@@V?$allocator@UPoint@@@std@@@std@@@std@@PAUPoint@@V?$allocator@UPoint@@@2@@std@@YAPAUPoint@@V?$_Vector_const_iterator@V?$_Vector_val@UPoint@@V?$allocator@UPoint@@@std@@@std@@@0@0PAU1@AAV?$allocator@UPoint@@@0@@Z,0x9efdf0,0x38
??0?$vector@UPoint@@V?$allocator@UPoint@@@std@@@std@@QAE@ABV01@@Z,0x9b35b0,0xe9
?begin@?$vector@HV?$allocator@H@std@@@std@@QBE?AV?$_Vector_const_iterator@V?$_Vector_val@HV?$allocator@H@std@@@std@@@2@XZ,0x9e88a0,0x22
??$_Ucopy@V?$_Vector_const_iterator@V?$_Vector_val@HV?$allocator@H@std@@@std@@@std@@@?$vector@HV?$allocator@H@std@@@std@@IAEPAHV?$_Vector_const_iterator@V?$_Vector_val@HV?$allocator@H@std@@@std@@@1@0PAH@Z,0x9e3f80,0x28
??$_Uninitialized_copy@V?$_Vector_const_iterator@V?$_Vector_val@HV?$allocator@H@std@@@std@@@std@@PAHV?$allocator@H@2@@std@@YAPAHV?$_Vector_const_iterator@V?$_Vector_val@HV?$allocator@H@std@@@std@@@0@0PAHAAV?$allocator@H@0@@Z,0x9f0460,0x38
??0?$vector@HV?$allocator@H@std@@@std@@QAE@ABV01@@Z,0x9f5990,0xe9
??0?$vector@UPoint@@V?$allocator@UPoint@@@std@@@std@@QAE@IABUPoint@@@Z,0x9b2fa0,0x76
??$_Cons_val@V?$allocator@VHEntity@@@std@@VHEntity@@V3@@std@@YAXAAV?$allocator@VHEntity@@@0@PAVHEntity@@$$QAV2@@Z,0x9e3ec0,0x1e
?push_back@?$vector@VHEntity@@V?$allocator@VHEntity@@@std@@@std@@QAEX$$QAVHEntity@@@Z,0x9b7cf0,0x110
??9?$_Vector_const_iterator@V?$_Vector_val@V?$basic_string@DU?$char_traits@D@std@@V?$allocator@D@2@@std@@V?$allocator@V?$basic_string@DU?$char_traits@D@std@@V?$allocator@D@2@@std@@@2@@std@@@std@@QBE_NABV01@@Z,0x9f5e50,0x23
??$_Cons_val@V?$allocator@VHItem@@@std@@VHItem@@V3@@std@@YAXAAV?$allocator@VHItem@@@0@PAVHItem@@$$QAV2@@Z,0x9e3ec0,0x1e
?push_back@?$vector@VHItem@@V?$allocator@VHItem@@@std@@@std@@QAEX$$QAVHItem@@@Z,0x9b7cf0,0x110
??$_Move@PAV?$basic_string@DU?$char_traits@D@std@@V?$allocator@D@2@@std@@PAV12@@std@@YAPAV?$basic_string@DU?$char_traits@D@std@@V?$allocator@D@2@@0@PAV10@00@Z,0x9e3660,0x34
?erase@?$vector@V?$basic_string@DU?$char_traits@D@std@@V?$allocator@D@2@@std@@V?$allocator@V?$basic_string@DU?$char_traits@D@std@@V?$allocator@D@2@@std@@@2@@std@@QAE?AV?$_Vector_iterator@V?$_Vector_val@V?$basic_string@DU?$char_traits@D@std@@V?$allocator@D@2@@std@@V?$allocator@V?$basic_string@DU?$char_traits@D@std@@V?$allocator@D@2@@std@@@2@@std@@@2@V?$_Vector_const_iterator@V?$_Vector_val@V?$basic_string@DU?$char_traits@D@std@@V?$allocator@D@2@@std@@V?$allocator@V?$basic_string@DU?$char_traits@D@std@@V?$allocator@D@2@@std@@@2@@std@@@2@@Z,0x9b0890,0x62
??$lower_bound@V?$_Vector_iterator@V?$_Vector_val@VHTurnClock@@V?$allocator@VHTurnClock@@@std@@@std@@@std@@VHTurnClock@@P6A_NABV3@0@Z@std@@YA?AV?$_Vector_iterator@V?$_Vector_val@VHTurnClock@@V?$allocator@VHTurnClock@@@std@@@std@@@0@V10@0ABVHTurnClock@@P6A_N11@Z@Z,0x9da190,0x53
??0?$vector@HV?$allocator@H@std@@@std@@QAE@I@Z,0x9b1860,0x69
?_Destroy@?$vector@UY8_10_00_0@@V?$allocator@UY8_10_00_0@@@std@@@std@@IAEXPAUY8_10_00_0@@0@Z,0x9c4bc0,0x24
??$_Umove@PAV?$basic_string@DU?$char_traits@D@std@@V?$allocator@D@2@@std@@@?$vector@V?$basic_string@DU?$char_traits@D@std@@V?$allocator@D@2@@std@@V?$allocator@V?$basic_string@DU?$char_traits@D@std@@V?$allocator@D@2@@std@@@2@@std@@IAEPAV?$basic_string@DU?$char_traits@D@std@@V?$allocator@D@2@@1@PAV21@00@Z,0x9e4420,0x28
??$_Destroy_range@V?$allocator@UOpR6_KA_20_0@@@std@@@std@@YAXPAUOpR6_KA_20_0@@0AAV?$allocator@UOpR6_KA_20_0@@@0@@Z,0x9e50b0,0x34
??$_Destroy_range@V?$allocator@UOpR6_KA_20_0@@@std@@@std@@YAXPAUOpR6_KA_20_0@@0AAV?$allocator@UOpR6_KA_20_0@@@0@U_Nonscalar_ptr_iterator_tag@0@@Z,0x9f1710,0x2a
?_Destroy@?$vector@UOpR6_KA_20_0@@V?$allocator@UOpR6_KA_20_0@@@std@@@std@@IAEXPAUOpR6_KA_20_0@@0@Z,0x9c3ac0,0x24
??0?$vector@_NV?$allocator@_N@std@@@std@@QAE@ABV01@@Z,0x9b3730,0x1c
??$_Cons_val@V?$allocator@PAVCListOption@@@std@@PAVCListOption@@PAV3@@std@@YAXAAV?$allocator@PAVCListOption@@@0@PAPAVCListOption@@$$QAPAV2@@Z,0x9e3960,0x1e
?push_back@?$vector@PAVCListOption@@V?$allocator@PAVCListOption@@@std@@@std@@QAEX$$QAPAVCListOption@@@Z,0x9b9280,0x110
?_Reserve@?$vector@VHProp@@V?$allocator@VHProp@@@std@@@std@@IAEXI@Z,0x9c0720,0x61
?max_size@?$vector@VHProp@@V?$allocator@VHProp@@@std@@@std@@QBEIXZ,0x9c5bb0,0x16
??$_Cons_val@V?$allocator@VHProp@@@std@@VHProp@@V3@@std@@YAXAAV?$allocator@VHProp@@@0@PAVHProp@@$$QAV2@@Z,0x9e3ec0,0x1e
?push_back@?$vector@VHProp@@V?$allocator@VHProp@@@std@@@std@@QAEX$$QAVHProp@@@Z,0x9b7cf0,0x110
??D?$_Vector_iterator@V?$_Vector_val@UXColor@@V?$allocator@UXColor@@@std@@@std@@@std@@QBEAAUXColor@@XZ,0x9c1f70,0x13
?begin@?$vector@UE8_0@@V?$allocator@UE8_0@@@std@@@std@@QAE?AV?$_Vector_iterator@V?$_Vector_val@UE8_0@@V?$allocator@UE8_0@@@std@@@std@@@2@XZ,0x9c1270,0x22
?_Reserve@?$vector@UEc_0@@V?$allocator@UEc_0@@@std@@@std@@IAEXI@Z,0x9c1120,0x61
??D?$_Vector_iterator@V?$_Vector_val@UE8_0@@V?$allocator@UE8_0@@@std@@@std@@@std@@QBEAAUE8_0@@XZ,0x9c1f70,0x13
??9?$_Vector_const_iterator@V?$_Vector_val@UXColor@@V?$allocator@UXColor@@@std@@@std@@@std@@QBE_NABV01@@Z,0x9f5e50,0x23
??9?$_Vector_const_iterator@V?$_Vector_val@DV?$allocator@D@std@@@std@@@std@@QBE_NABV01@@Z,0x9f5e50,0x23
?begin@?$vector@UXColor@@V?$allocator@UXColor@@@std@@@std@@QBE?AV?$_Vector_const_iterator@V?$_Vector_val@UXColor@@V?$allocator@UXColor@@@std@@@std@@@2@XZ,0x9e88a0,0x22
??$_Ucopy@V?$_Vector_const_iterator@V?$_Vector_val@UXColor@@V?$allocator@UXColor@@@std@@@std@@@std@@@?$vector@UXColor@@V?$allocator@UXColor@@@std@@@std@@IAEPAUXColor@@V?$_Vector_const_iterator@V?$_Vector_val@UXColor@@V?$allocator@UXColor@@@std@@@std@@@1@0PAU2@@Z,0x9e50f0,0x28
??$_Uninitialized_copy@V?$_Vector_const_iterator@V?$_Vector_val@UXColor@@V?$allocator@UXColor@@@std@@@std@@@std@@PAUXColor@@V?$allocator@UXColor@@@2@@std@@YAPAUXColor@@V?$_Vector_const_iterator@V?$_Vector_val@UXColor@@V?$allocator@UXColor@@@std@@@std@@@0@0PAU1@AAV?$allocator@UXColor@@@0@@Z,0x9f1740,0x38
??0?$vector@UXColor@@V?$allocator@UXColor@@@std@@@std@@QAE@ABV01@@Z,0x9c3af0,0xe9
?max_size@?$vector@UY8_10_00_0@@V?$allocator@UY8_10_00_0@@@std@@@std@@QBEIXZ,0x9c5dc0,0x16
?max_size@?$vector@UOpR6_KA_16_0@@V?$allocator@UOpR6_KA_16_0@@@std@@@std@@QBEIXZ,0x9c5dc0,0x16
?max_size@?$vector@UOpR6_KA_16_1@@V?$allocator@UOpR6_KA_16_1@@@std@@@std@@QBEIXZ,0x9c5dc0,0x16
?_Destroy@?$vector@UOpR6_KA_36_0@@V?$allocator@UOpR6_KA_36_0@@@std@@@std@@IAEXPAUOpR6_KA_36_0@@0@Z,0x9c58e0,0x24
?_Destroy@?$vector@UOpR6_KA_24_0@@V?$allocator@UOpR6_KA_24_0@@@std@@@std@@IAEXPAUOpR6_KA_24_0@@0@Z,0x9c5b10,0x24
?_Destroy@?$vector@UOpR6_KA_36_1@@V?$allocator@UOpR6_KA_36_1@@@std@@@std@@IAEXPAUOpR6_KA_36_1@@0@Z,0x9c7b20,0x24
?max_size@?$vector@UE8_0@@V?$allocator@UE8_0@@@std@@@std@@QBEIXZ,0x9c5f30,0x16
?max_size@?$vector@UOpR6_KA_12_1@@V?$allocator@UOpR6_KA_12_1@@@std@@@std@@QBEIXZ,0x9c7440,0x16
?max_size@?$vector@UXColor@@V?$allocator@UXColor@@@std@@@std@@QBEIXZ,0x9c3d50,0x16
??$random_shuffle@V?$_Vector_iterator@V?$_Vector_val@HV?$allocator@H@std@@@std@@@std@@P6AHH@Z@std@@YAXV?$_Vector_iterator@V?$_Vector_val@HV?$allocator@H@std@@@std@@@0@0AAP6AHH@Z@Z,0x9ee1d0,0x4b
??D?$_Vector_iterator@V?$_Vector_val@UOpH_P8_0@@V?$allocator@UOpH_P8_0@@@std@@@std@@@std@@QBEAAUOpH_P8_0@@XZ,0x9c1f70,0x13
?max_size@?$vector@UOpH_P8_0@@V?$allocator@UOpH_P8_0@@@std@@@std@@QBEIXZ,0x9ea920,0x16
?max_size@?$vector@UOpH_P8_1@@V?$allocator@UOpH_P8_1@@@std@@@std@@QBEIXZ,0x9c58c0,0x16
??$_Cons_val@V?$allocator@PAUItemEffect@@@std@@PAUItemEffect@@AAPAU3@@std@@YAXAAV?$allocator@PAUItemEffect@@@0@PAPAUItemEffect@@AAPAU2@@Z,0x9e3960,0x1e
??$_Cons_val@V?$allocator@PAUItemEffect@@@std@@PAUItemEffect@@ABQAU3@@std@@YAXAAV?$allocator@PAUItemEffect@@@0@PAPAUItemEffect@@ABQAU2@@Z,0x9e40c0,0x1e
?construct@?$allocator@PAUItemEffect@@@std@@QAEXPAPAUItemEffect@@ABQAU3@@Z,0xa00530,0x1d
?push_back@?$vector@PAUItemEffect@@V?$allocator@PAUItemEffect@@@std@@@std@@QAEXABQAUItemEffect@@@Z,0x9b9d30,0xfa
??$_Cons_val@V?$allocator@PAUUnknownEntry45c@@@std@@PAUUnknownEntry45c@@AAPAU3@@std@@YAXAAV?$allocator@PAUUnknownEntry45c@@@0@PAPAUUnknownEntry45c@@AAPAU2@@Z,0x9e3960,0x1e
??$_Cons_val@V?$allocator@PAUUnknownEntry45c@@@std@@PAUUnknownEntry45c@@ABQAU3@@std@@YAXAAV?$allocator@PAUUnknownEntry45c@@@0@PAPAUUnknownEntry45c@@ABQAU2@@Z,0x9e40c0,0x1e
?construct@?$allocator@PAUUnknownEntry45c@@@std@@QAEXPAPAUUnknownEntry45c@@ABQAU3@@Z,0xa00530,0x1d
?push_back@?$vector@PAUUnknownEntry45c@@V?$allocator@PAUUnknownEntry45c@@@std@@@std@@QAEXABQAUUnknownEntry45c@@@Z,0x9b9d30,0xfa
??$_Cons_val@V?$allocator@PAVCInfoEntry@@@std@@PAVCInfoEntry@@AAPAV3@@std@@YAXAAV?$allocator@PAVCInfoEntry@@@0@PAPAVCInfoEntry@@AAPAV2@@Z,0x9e3960,0x1e
??$_Cons_val@V?$allocator@PAVCInfoEntry@@@std@@PAVCInfoEntry@@ABQAV3@@std@@YAXAAV?$allocator@PAVCInfoEntry@@@0@PAPAVCInfoEntry@@ABQAV2@@Z,0x9e40c0,0x1e
?construct@?$allocator@PAVCInfoEntry@@@std@@QAEXPAPAVCInfoEntry@@ABQAV3@@Z,0xa00530,0x1d
?push_back@?$vector@PAVCInfoEntry@@V?$allocator@PAVCInfoEntry@@@std@@@std@@QAEXABQAVCInfoEntry@@@Z,0x9b9d30,0xfa
??9?$_Vector_const_iterator@V?$_Vector_val@VHProp@@V?$allocator@VHProp@@@std@@@std@@@std@@QBE_NABV01@@Z,0x9f5e50,0x23
??$_Move@PAVHProp@@PAV1@@std@@YAPAVHProp@@PAV1@00@Z,0x9e3fb0,0x34
?erase@?$vector@VHProp@@V?$allocator@VHProp@@@std@@@std@@QAE?AV?$_Vector_iterator@V?$_Vector_val@VHProp@@V?$allocator@VHProp@@@std@@@std@@@2@V?$_Vector_const_iterator@V?$_Vector_val@VHProp@@V?$allocator@VHProp@@@std@@@std@@@2@0@Z,0x9bfeb0,0x91
??$_Cons_val@V?$allocator@PAVCCommandButton@@@std@@PAVCCommandButton@@PAV3@@std@@YAXAAV?$allocator@PAVCCommandButton@@@0@PAPAVCCommandButton@@$$QAPAV2@@Z,0x9e3960,0x1e
?construct@?$allocator@PAVCCommandButton@@@std@@QAEXPAPAVCCommandButton@@$$QAPAV3@@Z,0x9e7cc0,0x4e
?push_back@?$vector@PAVCCommandButton@@V?$allocator@PAVCCommandButton@@@std@@@std@@QAEX$$QAPAVCCommandButton@@@Z,0x9b9280,0x110
??0?$vector@V?$basic_string@DU?$char_traits@D@std@@V?$allocator@D@2@@std@@V?$allocator@V?$basic_string@DU?$char_traits@D@std@@V?$allocator@D@2@@std@@@2@@std@@QAE@I@Z,0x9b0160,0x69
?end@?$vector@PAVConsole@@V?$allocator@PAVConsole@@@std@@@std@@QBE?AV?$_Vector_const_iterator@V?$_Vector_val@PAVConsole@@V?$allocator@PAVConsole@@@std@@@std@@@2@XZ,0x9c18f0,0x23
?begin@?$vector@PAVConsole@@V?$allocator@PAVConsole@@@std@@@std@@QBE?AV?$_Vector_const_iterator@V?$_Vector_val@PAVConsole@@V?$allocator@PAVConsole@@@std@@@std@@@2@XZ,0x9e88a0,0x22
??0?$vector@PAVConsole@@V?$allocator@PAVConsole@@@std@@@std@@QAE@ABV01@@Z,0x9f5990,0xe9
??D?$_Vector_iterator@V?$_Vector_val@URoom@DF@@V?$allocator@URoom@DF@@@std@@@std@@@std@@QBEAAURoom@DF@@XZ,0x9c1f70,0x13
?begin@?$vector@V?$basic_string@DU?$char_traits@D@std@@V?$allocator@D@2@@std@@V?$allocator@V?$basic_string@DU?$char_traits@D@std@@V?$allocator@D@2@@std@@@2@@std@@QBE?AV?$_Vector_const_iterator@V?$_Vector_val@V?$basic_string@DU?$char_traits@D@std@@V?$allocator@D@2@@std@@V?$allocator@V?$basic_string@DU?$char_traits@D@std@@V?$allocator@D@2@@std@@@2@@std@@@2@XZ,0x9e88a0,0x22
??G?$_Vector_iterator@V?$_Vector_val@DV?$allocator@D@std@@@std@@@std@@QBE?AV01@H@Z,0x9b4570,0x2d
?max_size@?$vector@DV?$allocator@D@std@@@std@@QBEIXZ,0x9c30a0,0x16
?_Grow_to@?$vector@DV?$allocator@D@std@@@std@@IBEII@Z,0x9c30c0,0x59
?_Reserve@?$vector@DV?$allocator@D@std@@@std@@IAEXI@Z,0x9bd560,0x61
??$_Ucopy@V?$_Vector_const_iterator@V?$_Vector_val@UE8_0@@V?$allocator@UE8_0@@@std@@@std@@@std@@@?$vector@UE8_0@@V?$allocator@UE8_0@@@std@@@std@@IAEPAUE8_0@@V?$_Vector_const_iterator@V?$_Vector_val@UE8_0@@V?$allocator@UE8_0@@@std@@@std@@@1@0PAU2@@Z,0x9e3910,0x28
??Z?$_Vector_const_iterator@V?$_Vector_val@UY8_c_00_0@@V?$allocator@UY8_c_00_0@@@std@@@std@@@std@@QAEAAV01@H@Z,0x9eb560,0x1b
??Z?$_Vector_const_iterator@V?$_Vector_val@UY8_40_00_0@@V?$allocator@UY8_40_00_0@@@std@@@std@@@std@@QAEAAV01@H@Z,0x9eb560,0x1b
??Z?$_Vector_const_iterator@V?$_Vector_val@UY8_4_00_0@@V?$allocator@UY8_4_00_0@@@std@@@std@@@std@@QAEAAV01@H@Z,0x9eb560,0x1b
?clear@?$vector@UE10_0@@V?$allocator@UE10_0@@@std@@@std@@QAEXXZ,0x9b4300,0x43
?max_size@?$vector@UPHYSFS_ArchiveInfo@@V?$allocator@UPHYSFS_ArchiveInfo@@@std@@@std@@QBEIXZ,0x9c5dc0,0x16
?_Grow_to@?$vector@UPHYSFS_ArchiveInfo@@V?$allocator@UPHYSFS_ArchiveInfo@@@std@@@std@@IBEII@Z,0x9c7a90,0x59
?_Reserve@?$vector@UPHYSFS_ArchiveInfo@@V?$allocator@UPHYSFS_ArchiveInfo@@@std@@@std@@IAEXI@Z,0x9be4b0,0x61
?erase@?$vector@UY8_10_00_0@@V?$allocator@UY8_10_00_0@@@std@@@std@@QAE?AV?$_Vector_iterator@V?$_Vector_val@UY8_10_00_0@@V?$allocator@UY8_10_00_0@@@std@@@std@@@2@V?$_Vector_const_iterator@V?$_Vector_val@UY8_10_00_0@@V?$allocator@UY8_10_00_0@@@std@@@std@@@2@0@Z,0x9be6e0,0x91
??D?$_Vector_iterator@V?$_Vector_val@UY8_10_00_0@@V?$allocator@UY8_10_00_0@@@std@@@std@@@std@@QBEAAUY8_10_00_0@@XZ,0x9c1f70,0x13
?max_size@?$vector@URoom@DF@@V?$allocator@URoom@DF@@@std@@@std@@QBEIXZ,0x9c4840,0x16
?_Reserve@?$vector@URoom@DF@@V?$allocator@URoom@DF@@@std@@@std@@IAEXI@Z,0x9bea00,0x61
?max_size@?$vector@PAVXBufferB@@V?$allocator@PAVXBufferB@@@std@@@std@@QBEIXZ,0x9c5bb0,0x16
?_Reserve@?$vector@PAVXBufferB@@V?$allocator@PAVXBufferB@@@std@@@std@@IAEXI@Z,0x9c0720,0x61
??0?$_Vector_iterator@V?$_Vector_val@URoom@DF@@V?$allocator@URoom@DF@@@std@@@std@@@std@@QAE@PAURoom@DF@@PBU_Container_base0@1@@Z,0x9c0e60,0x20
?max_size@?$vector@PAUMapRecord@@V?$allocator@PAUMapRecord@@@std@@@std@@QBEIXZ,0x9c5bb0,0x16
?_Reserve@?$vector@PAUMapRecord@@V?$allocator@PAUMapRecord@@@std@@@std@@IAEXI@Z,0x9bca50,0x61
?begin@?$vector@UXColor@@V?$allocator@UXColor@@@std@@@std@@QAE?AV?$_Vector_iterator@V?$_Vector_val@UXColor@@V?$allocator@UXColor@@@std@@@std@@@2@XZ,0x9c1270,0x22
??9?$_Vector_const_iterator@V?$_Vector_val@PAVCCommandButton@@V?$allocator@PAVCCommandButton@@@std@@@std@@@std@@QBE_NABV01@@Z,0x9f5e50,0x23
??$_Destroy_range@V?$allocator@PAVCCommandButton@@@std@@@std@@YAXPAPAVCCommandButton@@0AAV?$allocator@PAVCCommandButton@@@0@@Z,0x9e43e0,0x34
?_Destroy@?$vector@PAVCCommandButton@@V?$allocator@PAVCCommandButton@@@std@@@std@@IAEXPAPAVCCommandButton@@0@Z,0x9bc490,0x24
??$_Destroy_range@V?$allocator@D@std@@@std@@YAXPAD0AAV?$allocator@D@0@@Z,0x9e43e0,0x34
?_Destroy@?$vector@DV?$allocator@D@std@@@std@@IAEXPAD0@Z,0x9bc490,0x24
??9?$_Vector_const_iterator@V?$_Vector_val@UPHYSFS_ArchiveInfo@@V?$allocator@UPHYSFS_ArchiveInfo@@@std@@@std@@@std@@QBE_NABV01@@Z,0x9f5e50,0x23
?_Ufill@?$vector@UE8_0@@V?$allocator@UE8_0@@@std@@@std@@IAEPAUE8_0@@PAU3@IPBU3@@Z,0x9c3300,0x31
?max_size@?$vector@UPos@@V?$allocator@UPos@@@std@@@std@@QBEIXZ,0x9c5f30,0x16
??$_Destroy_range@V?$allocator@UHExplosive@@@std@@@std@@YAXPAUHExplosive@@0AAV?$allocator@UHExplosive@@@0@@Z,0x9e5290,0x34
?_Destroy@?$vector@UHExplosive@@V?$allocator@UHExplosive@@@std@@@std@@IAEXPAUHExplosive@@0@Z,0x9c4200,0x24
??$_Destroy_range@V?$allocator@UOpR6_KA_4_0@@@std@@@std@@YAXPAUOpR6_KA_4_0@@0AAV?$allocator@UOpR6_KA_4_0@@@0@@Z,0x9e54f0,0x34
?_Destroy@?$vector@UOpR6_KA_4_0@@V?$allocator@UOpR6_KA_4_0@@@std@@@std@@IAEXPAUOpR6_KA_4_0@@0@Z,0x9c4bc0,0x24
?_Destroy@?$vector@UY8_c_00_0@@V?$allocator@UY8_c_00_0@@@std@@@std@@IAEXPAUY8_c_00_0@@0@Z,0x9c4860,0x24
?_Destroy@?$vector@UY8_40_00_0@@V?$allocator@UY8_40_00_0@@@std@@@std@@IAEXPAUY8_40_00_0@@0@Z,0x9c4860,0x24
?_Destroy@?$vector@UY8_4_00_0@@V?$allocator@UY8_4_00_0@@@std@@@std@@IAEXPAUY8_4_00_0@@0@Z,0x9c4860,0x24
??$_Destroy_range@V?$allocator@UOpR6_KA_4_1@@@std@@@std@@YAXPAUOpR6_KA_4_1@@0AAV?$allocator@UOpR6_KA_4_1@@@0@@Z,0x9e55d0,0x34
?_Destroy@?$vector@UOpR6_KA_4_1@@V?$allocator@UOpR6_KA_4_1@@@std@@@std@@IAEXPAUOpR6_KA_4_1@@0@Z,0x9c5160,0x24
??$_Destroy_range@V?$allocator@UOpR6_KA_8_1@@@std@@@std@@YAXPAUOpR6_KA_8_1@@0AAV?$allocator@UOpR6_KA_8_1@@@0@@Z,0x9e56e0,0x34
?_Destroy@?$vector@UOpR6_KA_8_1@@V?$allocator@UOpR6_KA_8_1@@@std@@@std@@IAEXPAUOpR6_KA_8_1@@0@Z,0x9c5690,0x24
??$_Destroy_range@V?$allocator@UOpR6_KA_12_0@@@std@@@std@@YAXPAUOpR6_KA_12_0@@0AAV?$allocator@UOpR6_KA_12_0@@@0@@Z,0x9e57c0,0x34
?_Destroy@?$vector@UOpR6_KA_12_0@@V?$allocator@UOpR6_KA_12_0@@@std@@@std@@IAEXPAUOpR6_KA_12_0@@0@Z,0x9c58e0,0x24
?insert@?$vector@UOpR6_KA_8_0@@V?$allocator@UOpR6_KA_8_0@@@std@@@std@@QAEXV?$_Vector_const_iterator@V?$_Vector_val@UOpR6_KA_8_0@@V?$allocator@UOpR6_KA_8_0@@@std@@@std@@@2@IABUOpR6_KA_8_0@@@Z,0x9c5ab0,0x21
?_Destroy@?$vector@UOpR6_KA_24_1@@V?$allocator@UOpR6_KA_24_1@@@std@@@std@@IAEXPAUOpR6_KA_24_1@@0@Z,0x9c6d20,0x24
?_Destroy@?$vector@UOpR6_KA_28_0@@V?$allocator@UOpR6_KA_28_0@@@std@@@std@@IAEXPAUOpR6_KA_28_0@@0@Z,0x9c70c0,0x24
?_Destroy@?$vector@UOpR6_KA_28_1@@V?$allocator@UOpR6_KA_28_1@@@std@@@std@@IAEXPAUOpR6_KA_28_1@@0@Z,0x9c4bc0,0x24
??Z?$_Vector_const_iterator@V?$_Vector_val@UOpR6_KA_4_1@@V?$allocator@UOpR6_KA_4_1@@@std@@@std@@@std@@QAEAAV01@H@Z,0x9c7e50,0x1b
??Z?$_Vector_const_iterator@V?$_Vector_val@UOpR6_KA_8_0@@V?$allocator@UOpR6_KA_8_0@@@std@@@std@@@std@@QAEAAV01@H@Z,0x9c7e90,0x1b
?max_size@?$vector@UOpR6_KA_4_0@@V?$allocator@UOpR6_KA_4_0@@@std@@@std@@QBEIXZ,0x9c30a0,0x16
?max_size@?$vector@V?$vector@HV?$allocator@H@std@@@std@@V?$allocator@V?$vector@HV?$allocator@H@std@@@std@@@2@@std@@QBEIXZ,0x9c5dc0,0x16
?allocate@?$allocator@V?$vector@HV?$allocator@H@std@@@std@@@std@@QAEPAV?$vector@HV?$allocator@H@std@@@2@I@Z,0x9cc500,0x1b
?max_size@?$vector@IV?$allocator@I@std@@@std@@QBEIXZ,0x9c5bb0,0x16
?_Destroy@?$vector@UOpR6_KA_32_0@@V?$allocator@UOpR6_KA_32_0@@@std@@@std@@IAEXPAUOpR6_KA_32_0@@0@Z,0x9c38d0,0x24
?_Destroy@?$vector@UOpR6_KA_32_1@@V?$allocator@UOpR6_KA_32_1@@@std@@@std@@IAEXPAUOpR6_KA_32_1@@0@Z,0x9c3f10,0x24
?_Destroy@?$vector@UOpR6_KA_40_0@@V?$allocator@UOpR6_KA_40_0@@@std@@@std@@IAEXPAUOpR6_KA_40_0@@0@Z,0x9c4200,0x24
?max_size@?$vector@UOpR6_KA_4_1@@V?$allocator@UOpR6_KA_4_1@@@std@@@std@@QBEIXZ,0x9c43f0,0x16
?max_size@?$vector@UY8_c_00_0@@V?$allocator@UY8_c_00_0@@@std@@@std@@QBEIXZ,0x9c4620,0x16
?max_size@?$vector@UY8_40_00_0@@V?$allocator@UY8_40_00_0@@@std@@@std@@QBEIXZ,0x9c4620,0x16
?max_size@?$vector@UY8_4_00_0@@V?$allocator@UY8_4_00_0@@@std@@@std@@QBEIXZ,0x9c4620,0x16
?max_size@?$vector@UOpR6_KA_8_0@@V?$allocator@UOpR6_KA_8_0@@@std@@@std@@QBEIXZ,0x9c4840,0x16
?max_size@?$vector@UOpR6_KA_8_1@@V?$allocator@UOpR6_KA_8_1@@@std@@@std@@QBEIXZ,0x9c5670,0x16
?_Destroy@?$vector@UOpR6_KA_40_1@@V?$allocator@UOpR6_KA_40_1@@@std@@@std@@IAEXPAUOpR6_KA_40_1@@0@Z,0x9c5ca0,0x24
?_Destroy@?$vector@UOpR6_KA_44_0@@V?$allocator@UOpR6_KA_44_0@@@std@@@std@@IAEXPAUOpR6_KA_44_0@@0@Z,0x9c6ef0,0x24
??$_Destroy_range@V?$allocator@UOpR6_KA_12_1@@@std@@@std@@YAXPAUOpR6_KA_12_1@@0AAV?$allocator@UOpR6_KA_12_1@@@0@@Z,0x9e5cd0,0x34
?_Destroy@?$vector@UOpR6_KA_12_1@@V?$allocator@UOpR6_KA_12_1@@@std@@@std@@IAEXPAUOpR6_KA_12_1@@0@Z,0x9c6ec0,0x24
?max_size@?$vector@UOpR6_KA_20_1@@V?$allocator@UOpR6_KA_20_1@@@std@@@std@@QBEIXZ,0x9c7240,0x16
?_Destroy@?$vector@UOpR6_KA_20_1@@V?$allocator@UOpR6_KA_20_1@@@std@@@std@@IAEXPAUOpR6_KA_20_1@@0@Z,0x9c7260,0x24
?max_size@?$vector@UOpR6_KA_12_0@@V?$allocator@UOpR6_KA_12_0@@@std@@@std@@QBEIXZ,0x9c7440,0x16
?_Destroy@?$vector@UOpR6_KA_44_1@@V?$allocator@UOpR6_KA_44_1@@@std@@@std@@IAEXPAUOpR6_KA_44_1@@0@Z,0x9c6420,0x24
??$_Uninitialized_fill_n@PAIIIV?$allocator@I@std@@@std@@YAXPAIIPBIAAV?$allocator@I@0@@Z,0x9e6c50,0x45
??$_Uninit_fill_n@IIII@std@@YAXPAIIPBIAAV?$allocator@I@0@0U_Scalar_ptr_iterator_tag@0@@Z,0x9f25d0,0x19
?_Ufill@?$vector@IV?$allocator@I@std@@@std@@IAEPAIPAIIPBI@Z,0x9cc180,0x31
??$_Construct@V?$_Vector_iterator@V?$_Vector_val@PAUOpT8d_H4@@V?$allocator@PAUOpT8d_H4@@@std@@@std@@@std@@@?$vector@PAUOpT8d_H4@@V?$allocator@PAUOpT8d_H4@@@std@@@std@@QAEXV?$_Vector_iterator@V?$_Vector_val@PAUOpT8d_H4@@V?$allocator@PAUOpT8d_H4@@@std@@@std@@@1@0Uinput_iterator_tag@1@@Z,0x9ec300,0x96
??$_Rechecked@V?$_Vector_val@V?$basic_string@DU?$char_traits@D@std@@V?$allocator@D@2@@std@@V?$allocator@V?$basic_string@DU?$char_traits@D@std@@V?$allocator@D@2@@std@@@2@@std@@@std@@YAAAV?$_Vector_iterator@V?$_Vector_val@V?$basic_string@DU?$char_traits@D@std@@V?$allocator@D@2@@std@@V?$allocator@V?$basic_string@DU?$char_traits@D@std@@V?$allocator@D@2@@std@@@2@@std@@@0@AAV10@PAV?$basic_string@DU?$char_traits@D@std@@V?$allocator@D@2@@0@@Z,0x9ee700,0x11
??$_Uninitialized_copy@V?$_Vector_const_iterator@V?$_Vector_val@UOpH_Pc_1@@V?$allocator@UOpH_Pc_1@@@std@@@std@@@std@@PAUOpH_Pc_1@@V?$allocator@UOpH_Pc_1@@@2@@std@@YAPAUOpH_Pc_1@@V?$_Vector_const_iterator@V?$_Vector_val@UOpH_Pc_1@@V?$allocator@UOpH_Pc_1@@@std@@@std@@@0@0PAU1@AAV?$allocator@UOpH_Pc_1@@@0@@Z,0x9f1690,0x38
??$_Uninitialized_copy@V?$_Vector_const_iterator@V?$_Vector_val@UOpH_CA10_0@@V?$allocator@UOpH_CA10_0@@@std@@@std@@@std@@PAUOpH_CA10_0@@V?$allocator@UOpH_CA10_0@@@2@@std@@YAPAUOpH_CA10_0@@V?$_Vector_const_iterator@V?$_Vector_val@UOpH_CA10_0@@V?$allocator@UOpH_CA10_0@@@std@@@std@@@0@0PAU1@AAV?$allocator@UOpH_CA10_0@@@0@@Z,0x9f2380,0x38
?begin@?$vector@_NV?$allocator@_N@std@@@std@@QBE?AV?$_Vb_const_iterator@V?$allocator@_N@std@@@2@XZ,0x9e99a0,0x22
??G?$_Vector_iterator@V?$_Vector_val@UOpH_Pc_0@@V?$allocator@UOpH_Pc_0@@@std@@@std@@@std@@QBE?AV01@H@Z,0x9ea4a0,0x2d
??D?$_Vector_iterator@V?$_Vector_val@UOpH_Pc_0@@V?$allocator@UOpH_Pc_0@@@std@@@std@@@std@@QBEAAUOpH_Pc_0@@XZ,0x9c1f70,0x13
??G?$_Vector_iterator@V?$_Vector_val@UOpH_P8_1@@V?$allocator@UOpH_P8_1@@@std@@@std@@@std@@QBE?AV01@H@Z,0x9ea410,0x2d
?_Reserve@?$vector@UOpH_P10_0@@V?$allocator@UOpH_P10_0@@@std@@@std@@IAEXI@Z,0x9e9d30,0x61
??G?$_Vector_iterator@V?$_Vector_val@UOpH_P8_0@@V?$allocator@UOpH_P8_0@@@std@@@std@@@std@@QBE?AV01@H@Z,0x9b36d0,0x2d
?_Reserve@?$vector@UOpH_P10_1@@V?$allocator@UOpH_P10_1@@@std@@@std@@IAEXI@Z,0x9e9da0,0x61
??Z?$_Vector_const_iterator@V?$_Vector_val@UOpH_Pc_1@@V?$allocator@UOpH_Pc_1@@@std@@@std@@@std@@QAEAAV01@H@Z,0x9eb620,0x1b
??E?$_Vector_iterator@V?$_Vector_val@UE8_0@@V?$allocator@UE8_0@@@std@@@std@@@std@@QAEAAV01@XZ,0x9eb660,0x16
??9?$_Vector_const_iterator@V?$_Vector_val@UE8_0@@V?$allocator@UE8_0@@@std@@@std@@@std@@QBE_NABV01@@Z,0x9f5e50,0x23
??E?$_Vector_iterator@V?$_Vector_val@UOpH_Pc_1@@V?$allocator@UOpH_Pc_1@@@std@@@std@@@std@@QAEAAV01@XZ,0x9eb990,0x16
?max_size@?$vector@UOpR6_KA_24_0@@V?$allocator@UOpR6_KA_24_0@@@std@@@std@@QBEIXZ,0x9ea920,0x16
??E?$_Vector_iterator@V?$_Vector_val@UOpH_P8_0@@V?$allocator@UOpH_P8_0@@@std@@@std@@@std@@QAEAAV01@XZ,0x9eb9d0,0x16
??D?$_Vector_iterator@V?$_Vector_val@UOpH_P10_1@@V?$allocator@UOpH_P10_1@@@std@@@std@@@std@@QBEAAUOpH_P10_1@@XZ,0x9c1f70,0x13
??$advance@V?$_Vector_iterator@V?$_Vector_val@UPoint@@V?$allocator@UPoint@@@std@@@std@@@std@@H@std@@YAXAAV?$_Vector_iterator@V?$_Vector_val@UPoint@@V?$allocator@UPoint@@@std@@@std@@@0@H@Z,0x9f7580,0x2c
??$_Uninitialized_copy@PAUOpH_CDA10_1@@PAU1@V?$allocator@UOpH_CDA10_1@@@std@@@std@@YAPAUOpH_CDA10_1@@PAU1@00AAV?$allocator@UOpH_CDA10_1@@@0@@Z,0x9ff770,0x38
??$_Ucopy@PAUOpH_CDA10_1@@@?$vector@UOpH_CDA10_1@@V?$allocator@UOpH_CDA10_1@@@std@@@std@@IAEPAUOpH_CDA10_1@@PAU2@00@Z,0x9fc5d0,0x28
??E?$_Vector_iterator@V?$_Vector_val@UOpH_P10_0@@V?$allocator@UOpH_P10_0@@@std@@@std@@@std@@QAEAAV01@XZ,0x9f6420,0x16
??E?$_Vector_iterator@V?$_Vector_val@UOpH_CDA10_0@@V?$allocator@UOpH_CDA10_0@@@std@@@std@@@std@@QAEAAV01@XZ,0x9eb990,0x16
??E?$_Vector_iterator@V?$_Vector_val@UOpH_P8_1@@V?$allocator@UOpH_P8_1@@@std@@@std@@@std@@QAEAAV01@XZ,0x9eb9d0,0x16
??$_Rotate@PAV?$basic_string@DU?$char_traits@D@std@@V?$allocator@D@2@@std@@@std@@YAXPAV?$basic_string@DU?$char_traits@D@std@@V?$allocator@D@2@@0@00Urandom_access_iterator_tag@0@@Z,0x9f85f0,0x33
??$rotate@V?$_Vector_iterator@V?$_Vector_val@V?$basic_string@DU?$char_traits@D@std@@V?$allocator@D@2@@std@@V?$allocator@V?$basic_string@DU?$char_traits@D@std@@V?$allocator@D@2@@std@@@2@@std@@@std@@@std@@YA?AV?$_Vector_iterator@V?$_Vector_val@V?$basic_string@DU?$char_traits@D@std@@V?$allocator@D@2@@std@@V?$allocator@V?$basic_string@DU?$char_traits@D@std@@V?$allocator@D@2@@std@@@2@@std@@@0@V10@00@Z,0x9ef130,0x99
??9?$_Vector_const_iterator@V?$_Vector_val@UPos@@V?$allocator@UPos@@@std@@@std@@@std@@QBE_NABV01@@Z,0x9f5e50,0x23
??$_Destroy@V?$vector@V?$basic_string@DU?$char_traits@D@std@@V?$allocator@D@2@@std@@V?$allocator@V?$basic_string@DU?$char_traits@D@std@@V?$allocator@D@2@@std@@@2@@std@@@std@@YAXPAV?$vector@V?$basic_string@DU?$char_traits@D@std@@V?$allocator@D@2@@std@@V?$allocator@V?$basic_string@DU?$char_traits@D@std@@V?$allocator@D@2@@std@@@2@@0@@Z,0x9ff8f0,0xf
??0?$vector@DV?$allocator@D@std@@@std@@QAE@$$QAV01@@Z,0x9e9cb0,0x79
??4?$vector@DV?$allocator@D@std@@@std@@QAEAAV01@$$QAV01@@Z,0x9f5cf0,0x25
??0?$vector@HV?$allocator@H@std@@@std@@QAE@$$QAV01@@Z,0x9e9cb0,0x79
??4?$vector@HV?$allocator@H@std@@@std@@QAEAAV01@$$QAV01@@Z,0x9f5cf0,0x25
?_Reserve@?$vector@V?$vector@HV?$allocator@H@std@@@std@@V?$allocator@V?$vector@HV?$allocator@H@std@@@std@@@2@@std@@IAEXI@Z,0x9e9da0,0x61
?reserve@?$vector@V?$vector@HV?$allocator@H@std@@@std@@V?$allocator@V?$vector@HV?$allocator@H@std@@@std@@@2@@std@@QAEXI@Z,0x9eb270,0x149
??$_Umove@PAV?$vector@HV?$allocator@H@std@@@std@@@?$vector@V?$vector@HV?$allocator@H@std@@@std@@V?$allocator@V?$vector@HV?$allocator@H@std@@@std@@@2@@std@@IAEPAV?$vector@HV?$allocator@H@std@@@1@PAV21@00@Z,0x9e5980,0x28
??$_Uninitialized_move@PAV?$vector@HV?$allocator@H@std@@@std@@PAV12@V?$allocator@V?$vector@HV?$allocator@H@std@@@std@@@2@@std@@YAPAV?$vector@HV?$allocator@H@std@@@0@PAV10@00AAV?$allocator@V?$vector@HV?$allocator@H@std@@@std@@@0@@Z,0x9f21c0,0x45
??$_Uninit_move@PAV?$vector@HV?$allocator@H@std@@@std@@PAV12@V?$allocator@V?$vector@HV?$allocator@H@std@@@std@@@2@V12@@std@@YAPAV?$vector@HV?$allocator@H@std@@@0@PAV10@00AAV?$allocator@V?$vector@HV?$allocator@H@std@@@std@@@0@0U_Nonscalar_ptr_iterator_tag@0@@Z,0x9fb0c0,0xc2
??$_Cons_val@V?$allocator@V?$vector@HV?$allocator@H@std@@@std@@@std@@V?$vector@HV?$allocator@H@std@@@2@V32@@std@@YAXAAV?$allocator@V?$vector@HV?$allocator@H@std@@@std@@@0@PAV?$vector@HV?$allocator@H@std@@@0@$$QAV20@@Z,0x9e3ff0,0x1e
?construct@?$allocator@V?$vector@HV?$allocator@H@std@@@std@@@std@@QAEXPAV?$vector@HV?$allocator@H@std@@@2@$$QAV32@@Z,0x9e8a00,0x85
?_Destroy@?$vector@V?$vector@HV?$allocator@H@std@@@std@@V?$allocator@V?$vector@HV?$allocator@H@std@@@std@@@2@@std@@IAEXPAV?$vector@HV?$allocator@H@std@@@2@0@Z,0x9c6420,0x24
??$_Destroy_range@V?$allocator@V?$vector@HV?$allocator@H@std@@@std@@@std@@@std@@YAXPAV?$vector@HV?$allocator@H@std@@@0@0AAV?$allocator@V?$vector@HV?$allocator@H@std@@@std@@@0@@Z,0x9e5b40,0x34
??$_Destroy_range@V?$allocator@V?$vector@HV?$allocator@H@std@@@std@@@std@@@std@@YAXPAV?$vector@HV?$allocator@H@std@@@0@0AAV?$allocator@V?$vector@HV?$allocator@H@std@@@std@@@0@U_Nonscalar_ptr_iterator_tag@0@@Z,0x9f23c0,0x2a
?push_back@?$vector@V?$vector@HV?$allocator@H@std@@@std@@V?$allocator@V?$vector@HV?$allocator@H@std@@@std@@@2@@std@@QAEX$$QAV?$vector@HV?$allocator@H@std@@@2@@Z,0x9e8d90,0x110
??$_Move@PAV?$vector@HV?$allocator@H@std@@@std@@PAV12@@std@@YAPAV?$vector@HV?$allocator@H@std@@@0@PAV10@00U_Nonscalar_ptr_iterator_tag@0@@Z,0x9f10f0,0x3b
?begin@?$vector@VHProp@@V?$allocator@VHProp@@@std@@@std@@QAE?AV?$_Vector_iterator@V?$_Vector_val@VHProp@@V?$allocator@VHProp@@@std@@@std@@@2@XZ,0x9c1270,0x22
??0?$vector@UXColor@@V?$allocator@UXColor@@@std@@@std@@QAE@IABUXColor@@@Z,0x9b3c00,0x76
?unknown45b070@Entity@@QAEXABV?$basic_string@DU?$char_traits@D@std@@V?$allocator@D@2@@std@@@Z,0x45b070,0x1c
?setText@CTextInput@@QAEXABV?$basic_string@DU?$char_traits@D@std@@V?$allocator@D@2@@std@@@Z,0x48d300,0x30
??0Rect@@QAE@ABUPos@@HH@Z,0x40a760,0x38
??0Area@@QAE@HHHH@Z,0x40b1e0,0x46
??1?$vector@V?$vector@PAVXConsole@@V?$allocator@PAVXConsole@@@std@@@std@@V?$allocator@V?$vector@PAVXConsole@@V?$allocator@PAVXConsole@@@std@@@std@@@2@@std@@QAE@XZ,0x9b8b60,0x53
?begin@?$vector@VHItem@@V?$allocator@VHItem@@@std@@@std@@QAE?AV?$_Vector_iterator@V?$_Vector_val@VHItem@@V?$allocator@VHItem@@@std@@@std@@@2@XZ,0x9c1270,0x22
_floor,0xaa212c,0x6
?find_first_not_of@?$basic_string@DU?$char_traits@D@std@@V?$allocator@D@2@@std@@QBEIDI@Z,0x9afee0,0x1f
?clear@?$vector@VHProp@@V?$allocator@VHProp@@@std@@@std@@QAEXXZ,0x9b73d0,0x43
?open@?$basic_ofstream@DU?$char_traits@D@std@@@std@@QAEXABV?$basic_string@DU?$char_traits@D@std@@V?$allocator@D@2@@2@HH@Z,0x9b1c00,0x26
?unknown4544e0@SoundMgr@@QAEXXZ,0x4544e0,0x13
??1?$OpY5_WeightedList@PAUOpY5_ItemType@@@@QAE@XZ,0x700dd0,0x56
??0?$_Vb_iterator@V?$allocator@_N@std@@@std@@QAE@PAIPAU_Container_base0@1@@Z,0x9c1e90,0x20
??$_Cons_val@V?$allocator@UXColor@@@std@@UXColor@@U3@@std@@YAXAAV?$allocator@UXColor@@@0@PAUXColor@@$$QAU2@@Z,0x9e3980,0x1e
??$_Cons_val@V?$allocator@UPHYSFS_ArchiveInfo@@@std@@UPHYSFS_ArchiveInfo@@AAU3@@std@@YAXAAV?$allocator@UPHYSFS_ArchiveInfo@@@0@PAUPHYSFS_ArchiveInfo@@AAU2@@Z,0x9ff1e0,0x1e
?construct@?$allocator@UPHYSFS_ArchiveInfo@@@std@@QAEXPAUPHYSFS_ArchiveInfo@@ABU3@@Z,0x9e7d60,0x1d
??$_Cons_val@V?$allocator@UPHYSFS_ArchiveInfo@@@std@@UPHYSFS_ArchiveInfo@@ABU3@@std@@YAXAAV?$allocator@UPHYSFS_ArchiveInfo@@@0@PAUPHYSFS_ArchiveInfo@@ABU2@@Z,0x9e3a60,0x1e
??$_Cons_val@V?$allocator@URoom@DF@@@std@@URoom@DF@@AAU34@@std@@YAXAAV?$allocator@URoom@DF@@@0@PAURoom@DF@@AAU23@@Z,0x9e3be0,0x1e
?construct@?$allocator@URoom@DF@@@std@@QAEXPAURoom@DF@@ABU34@@Z,0x9e7f00,0x1d
??$_Cons_val@V?$allocator@URoom@DF@@@std@@URoom@DF@@ABU34@@std@@YAXAAV?$allocator@URoom@DF@@@0@PAURoom@DF@@ABU23@@Z,0x9e3c00,0x1e
??Z?$_Vector_const_iterator@V?$_Vector_val@UOpR6_KA_4_0@@V?$allocator@UOpR6_KA_4_0@@@std@@@std@@@std@@QAEAAV01@H@Z,0x9c7e10,0x1b
??G?$_Vector_const_iterator@V?$_Vector_val@UOpR6_KA_4_0@@V?$allocator@UOpR6_KA_4_0@@@std@@@std@@@std@@QBE?AV01@H@Z,0x9c21d0,0x2d
??$_Cons_val@V?$allocator@PAV?$vector@VHEntity@@V?$allocator@VHEntity@@@std@@@std@@@std@@PAV?$vector@VHEntity@@V?$allocator@VHEntity@@@std@@@2@PAV32@@std@@YAXAAV?$allocator@PAV?$vector@VHEntity@@V?$allocator@VHEntity@@@std@@@std@@@0@PAPAV?$vector@VHEntity@@V?$allocator@VHEntity@@@std@@@0@$$QAPAV20@@Z,0x9e3ec0,0x1e
?construct@?$allocator@I@std@@QAEXPAIABI@Z,0x9e8ea0,0x1d
??$_Cons_val@V?$allocator@VHEntity@@@std@@VHEntity@@AAV3@@std@@YAXAAV?$allocator@VHEntity@@@0@PAVHEntity@@AAV2@@Z,0x9e3ec0,0x1e
?construct@?$allocator@VHEntity@@@std@@QAEXPAVHEntity@@ABV3@@Z,0x9e8ea0,0x1d
??$_Cons_val@V?$allocator@VHEntity@@@std@@VHEntity@@ABV3@@std@@YAXAAV?$allocator@VHEntity@@@0@PAVHEntity@@ABV2@@Z,0x9f4120,0x1e
??$_Cons_val@V?$allocator@PAVXBuffer@@@std@@PAVXBuffer@@AAPAV3@@std@@YAXAAV?$allocator@PAVXBuffer@@@0@PAPAVXBuffer@@AAPAV2@@Z,0x9e3ec0,0x1e
?construct@?$allocator@PAVXBuffer@@@std@@QAEXPAPAVXBuffer@@ABQAV3@@Z,0x9e8ea0,0x1d
??$_Cons_val@V?$allocator@PAVXBuffer@@@std@@PAVXBuffer@@ABQAV3@@std@@YAXAAV?$allocator@PAVXBuffer@@@0@PAPAVXBuffer@@ABQAV2@@Z,0x9f4120,0x1e
??$_Cons_val@V?$allocator@PAVXBufferB@@@std@@PAVXBufferB@@AAPAV3@@std@@YAXAAV?$allocator@PAVXBufferB@@@0@PAPAVXBufferB@@AAPAV2@@Z,0x9e3ec0,0x1e
?construct@?$allocator@PAVXBufferB@@@std@@QAEXPAPAVXBufferB@@ABQAV3@@Z,0x9e8ea0,0x1d
??$_Cons_val@V?$allocator@PAVXBufferB@@@std@@PAVXBufferB@@ABQAV3@@std@@YAXAAV?$allocator@PAVXBufferB@@@0@PAPAVXBufferB@@ABQAV2@@Z,0x9f4120,0x1e
??$_Cons_val@V?$allocator@VHItem@@@std@@VHItem@@AAV3@@std@@YAXAAV?$allocator@VHItem@@@0@PAVHItem@@AAV2@@Z,0x9e3ec0,0x1e
?construct@?$allocator@VHItem@@@std@@QAEXPAVHItem@@ABV3@@Z,0x9e8ea0,0x1d
??$_Cons_val@V?$allocator@VHItem@@@std@@VHItem@@ABV3@@std@@YAXAAV?$allocator@VHItem@@@0@PAVHItem@@ABV2@@Z,0x9f4120,0x1e
??$_Cons_val@V?$allocator@VHProp@@@std@@VHProp@@AAV3@@std@@YAXAAV?$allocator@VHProp@@@0@PAVHProp@@AAV2@@Z,0x9e3ec0,0x1e
?construct@?$allocator@VHProp@@@std@@QAEXPAVHProp@@ABV3@@Z,0x9e8ea0,0x1d
??$_Cons_val@V?$allocator@VHProp@@@std@@VHProp@@ABV3@@std@@YAXAAV?$allocator@VHProp@@@0@PAVHProp@@ABV2@@Z,0x9f4120,0x1e
??$_Cons_val@V?$allocator@PAUEntityData4563c0@@@std@@PAUEntityData4563c0@@AAPAU3@@std@@YAXAAV?$allocator@PAUEntityData4563c0@@@0@PAPAUEntityData4563c0@@AAPAU2@@Z,0x9e3ec0,0x1e
?construct@?$allocator@PAUEntityData4563c0@@@std@@QAEXPAPAUEntityData4563c0@@ABQAU3@@Z,0x9e8ea0,0x1d
??$_Cons_val@V?$allocator@PAUEntityData4563c0@@@std@@PAUEntityData4563c0@@ABQAU3@@std@@YAXAAV?$allocator@PAUEntityData4563c0@@@0@PAPAUEntityData4563c0@@ABQAU2@@Z,0x9f4120,0x1e
??$_Cons_val@V?$allocator@PAUMapRecord@@@std@@PAUMapRecord@@AAPAU3@@std@@YAXAAV?$allocator@PAUMapRecord@@@0@PAPAUMapRecord@@AAPAU2@@Z,0x9e3960,0x1e
?construct@?$allocator@PAUMapRecord@@@std@@QAEXPAPAUMapRecord@@ABQAU3@@Z,0xa00530,0x1d
??$_Cons_val@V?$allocator@PAUMapRecord@@@std@@PAUMapRecord@@ABQAU3@@std@@YAXAAV?$allocator@PAUMapRecord@@@0@PAPAUMapRecord@@ABQAU2@@Z,0x9e40c0,0x1e
??Y?$_Vb_iterator@V?$allocator@_N@std@@@std@@QAEAAV01@H@Z,0x9c1ed0,0x1c
??$_Move@PAPAVCCommandButton@@PAPAV1@@std@@YAPAPAVCCommandButton@@PAPAV1@00@Z,0x9e3660,0x34
??$_Move@PADPAD@std@@YAPADPAD00@Z,0x9e3660,0x34
??$_Move@PAUXColor@@PAU1@@std@@YAPAUXColor@@PAU1@00@Z,0x9e3660,0x34
??$_Move@PAUPHYSFS_ArchiveInfo@@PAU1@@std@@YAPAUPHYSFS_ArchiveInfo@@PAU1@00@Z,0x9e4510,0x34
?allocate@?$allocator@UPos@@@std@@QAEPAUPos@@I@Z,0x9caa10,0x1b
?destroy@?$allocator@I@std@@QAEXPAI@Z,0x9e92d0,0x19
?destroy@?$allocator@PAX@std@@QAEXPAPAX@Z,0x9e92d0,0x19
??$_Dest_val@V?$allocator@PAX@std@@PAX@std@@YAXAAV?$allocator@PAX@0@PAPAX@Z,0x9e4bd0,0x11
?destroy@?$allocator@D@std@@QAEXPAD@Z,0x9e92d0,0x19
??$_Dest_val@V?$allocator@D@std@@D@std@@YAXAAV?$allocator@D@0@PAD@Z,0x9e4bd0,0x11
??$_Uninitialized_fill_n@PAUPoint@@IU1@V?$allocator@UPoint@@@std@@@std@@YAXPAUPoint@@IPBU1@AAV?$allocator@UPoint@@@0@@Z,0x9e4e80,0x45
?allocate@?$allocator@UXColor@@@std@@QAEPAUXColor@@I@Z,0x9c9700,0x1b
??$_Uninitialized_fill_n@PAUXColor@@IU1@V?$allocator@UXColor@@@std@@@std@@YAXPAUXColor@@IPBU1@AAV?$allocator@UXColor@@@0@@Z,0x9e51d0,0x45
?allocate@?$allocator@UY8_10_00_0@@@std@@QAEPAUY8_10_00_0@@I@Z,0x9cc500,0x1b
?allocate@?$allocator@UOpR6_KA_16_0@@@std@@QAEPAUOpR6_KA_16_0@@I@Z,0x9cc500,0x1b
?allocate@?$allocator@UOpR6_KA_16_1@@@std@@QAEPAUOpR6_KA_16_1@@I@Z,0x9cc500,0x1b
?allocate@?$allocator@UOpR6_KA_12_1@@@std@@QAEPAUOpR6_KA_12_1@@I@Z,0x9c9bf0,0x1b
?allocate@?$allocator@UOpR6_KA_20_1@@@std@@QAEPAUOpR6_KA_20_1@@I@Z,0x9cc260,0x1b
?allocate@?$allocator@M@std@@QAEPAMI@Z,0x9eb7e0,0x1b
?construct@?$allocator@D@std@@QAEXPADABD@Z,0x9e7950,0x1d
?construct@?$allocator@UXColor@@@std@@QAEXPAUXColor@@ABU3@@Z,0x9e7d40,0x1d
?destroy@?$allocator@H@std@@QAEXPAH@Z,0x9e9740,0x19
??$_Dest_val@V?$allocator@H@std@@H@std@@YAXAAV?$allocator@H@0@PAH@Z,0x9e42f0,0x11
??$_Cons_val@V?$allocator@PAX@std@@PAXAAPAX@std@@YAXAAV?$allocator@PAX@0@PAPAXAAPAX@Z,0x9f6b80,0x1e
??$_Rotate@PAUPoint@@@std@@YAXPAUPoint@@00Urandom_access_iterator_tag@0@@Z,0x9f7500,0x33
??E?$_Vb_const_iterator@V?$allocator@_N@std@@@std@@QAEAAV01@XZ,0x9f6360,0x16
??E?$_Vb_iterator@V?$allocator@_N@std@@@std@@QAEAAV01@XZ,0x9f5df0,0x16
?destroy@?$allocator@UPHYSFS_ArchiveInfo@@@std@@QAEXPAUPHYSFS_ArchiveInfo@@@Z,0x9fcae0,0x19
??$_Dest_val@V?$allocator@UPHYSFS_ArchiveInfo@@@std@@UPHYSFS_ArchiveInfo@@@std@@YAXAAV?$allocator@UPHYSFS_ArchiveInfo@@@0@PAUPHYSFS_ArchiveInfo@@@Z,0x9fa070,0x11
?destroy@?$allocator@UXColor@@@std@@QAEXPAUXColor@@@Z,0x9e9740,0x19
??$_Dest_val@V?$allocator@UXColor@@@std@@UXColor@@@std@@YAXAAV?$allocator@UXColor@@@0@PAUXColor@@@Z,0x9e42f0,0x11
??$_Dest_val@V?$allocator@URoom@DF@@@std@@URoom@DF@@@std@@YAXAAV?$allocator@URoom@DF@@@0@PAURoom@DF@@@Z,0x9e3c20,0x11
??$_Dest_val@V?$allocator@UOpR6_KA_4_0@@@std@@UOpR6_KA_4_0@@@std@@YAXAAV?$allocator@UOpR6_KA_4_0@@@0@PAUOpR6_KA_4_0@@@Z,0x9e42f0,0x11
??_GE8_3@@QAEPAXI@Z,0x9f50f0,0x2d
??_GB14_2@@QAEPAXI@Z,0x9f5120,0x2d
??_GB18_2@@QAEPAXI@Z,0x9f5120,0x2d
??_GB20_2@@QAEPAXI@Z,0x9f5120,0x2d
??_GB30_2@@QAEPAXI@Z,0x9f5120,0x2d
?construct@?$allocator@UPos@@@std@@QAEXPAUPos@@ABU3@@Z,0xa000f0,0x1d
??$_Cons_val@V?$allocator@UPos@@@std@@UPos@@ABU3@@std@@YAXAAV?$allocator@UPos@@@0@PAUPos@@ABU2@@Z,0x9e38b0,0x1e
?destroy@?$allocator@UPos@@@std@@QAEXPAUPos@@@Z,0x9e9740,0x19
??$_Dest_val@V?$allocator@UPos@@@std@@UPos@@@std@@YAXAAV?$allocator@UPos@@@0@PAUPos@@@Z,0x9e42f0,0x11
??$_Cons_val@V?$allocator@URoom@DF@@@std@@URoom@DF@@U34@@std@@YAXAAV?$allocator@URoom@DF@@@0@PAURoom@DF@@$$QAU23@@Z,0x9e3be0,0x1e
??$_Uninitialized_copy@PBQAUMapRecord@@PAPAU1@V?$allocator@PAUMapRecord@@@std@@@std@@YAPAPAUMapRecord@@PBQAU1@0PAPAU1@AAV?$allocator@PAUMapRecord@@@0@@Z,0x9ff8b0,0x38
??$_Dest_val@V?$allocator@UOpR6_KA_8_0@@@std@@UOpR6_KA_8_0@@@std@@YAXAAV?$allocator@UOpR6_KA_8_0@@@0@PAUOpR6_KA_8_0@@@Z,0x9e42f0,0x11
??$_Dest_val@V?$allocator@UOpR6_KA_4_1@@@std@@UOpR6_KA_4_1@@@std@@YAXAAV?$allocator@UOpR6_KA_4_1@@@0@PAUOpR6_KA_4_1@@@Z,0x9e42f0,0x11
?push_back@?$vector@PAV?$vector@VHEntity@@V?$allocator@VHEntity@@@std@@@std@@V?$allocator@PAV?$vector@VHEntity@@V?$allocator@VHEntity@@@std@@@std@@@2@@std@@QAEX$$QAPAV?$vector@VHEntity@@V?$allocator@VHEntity@@@std@@@2@@Z,0x9b9280,0x110
?push_back@?$vector@PAVXConsole@@V?$allocator@PAVXConsole@@@std@@@std@@QAEXABQAVXConsole@@@Z,0x9b9d30,0xfa
??1?$pair@$$CBV?$basic_string@DU?$char_traits@D@std@@V?$allocator@D@2@@std@@V12@@std@@QAE@XZ,0x9f51d0,0x13
??0?$pair@$$CBV?$basic_string@DU?$char_traits@D@std@@V?$allocator@D@2@@std@@V12@@std@@QAE@ABV?$basic_string@DU?$char_traits@D@std@@V?$allocator@D@2@@1@0@Z,0x9b8e30,0x20
??0?$_Tree_const_iterator@V?$_Tree_val@V?$_Tset_traits@V?$basic_string@DU?$char_traits@D@std@@V?$allocator@D@2@@std@@U?$less@V?$basic_string@DU?$char_traits@D@std@@V?$allocator@D@2@@std@@@2@V?$allocator@V?$basic_string@DU?$char_traits@D@std@@V?$allocator@D@2@@std@@@2@$0A@@std@@@std@@@std@@QAE@PAU_Node@?$_Tree_nod@V?$_Tset_traits@V?$basic_string@DU?$char_traits@D@std@@V?$allocator@D@2@@std@@U?$less@V?$basic_string@DU?$char_traits@D@std@@V?$allocator@D@2@@std@@@2@V?$allocator@V?$basic_string@DU?$char_traits@D@std@@V?$allocator@D@2@@std@@@2@$0A@@std@@@1@PBV?$_Tree_val@V?$_Tset_traits@V?$basic_string@DU?$char_traits@D@std@@V?$allocator@D@2@@std@@U?$less@V?$basic_string@DU?$char_traits@D@std@@V?$allocator@D@2@@std@@@2@V?$allocator@V?$basic_string@DU?$char_traits@D@std@@V?$allocator@D@2@@std@@@2@$0A@@std@@@1@@Z,0x9c0e60,0x20
??F?$_Tree_const_iterator@V?$_Tree_val@V?$_Tmap_traits@V?$basic_string@DU?$char_traits@D@std@@V?$allocator@D@2@@std@@V12@U?$less@V?$basic_string@DU?$char_traits@D@std@@V?$allocator@D@2@@std@@@2@V?$allocator@U?$pair@$$CBV?$basic_string@DU?$char_traits@D@std@@V?$allocator@D@2@@std@@V12@@std@@@2@$0A@@std@@@std@@@std@@QAEAAV01@XZ,0x9eb3e0,0x16
??0?$_Tree_const_iterator@V?$_Tree_val@V?$_Tmap_traits@V?$basic_string@DU?$char_traits@D@std@@V?$allocator@D@2@@std@@V12@U?$less@V?$basic_string@DU?$char_traits@D@std@@V?$allocator@D@2@@std@@@2@V?$allocator@U?$pair@$$CBV?$basic_string@DU?$char_traits@D@std@@V?$allocator@D@2@@std@@V12@@std@@@2@$0A@@std@@@std@@@std@@QAE@PAU_Node@?$_Tree_nod@V?$_Tmap_traits@V?$basic_string@DU?$char_traits@D@std@@V?$allocator@D@2@@std@@V12@U?$less@V?$basic_string@DU?$char_traits@D@std@@V?$allocator@D@2@@std@@@2@V?$allocator@U?$pair@$$CBV?$basic_string@DU?$char_traits@D@std@@V?$allocator@D@2@@std@@V12@@std@@@2@$0A@@std@@@1@PBV?$_Tree_val@V?$_Tmap_traits@V?$basic_string@DU?$char_traits@D@std@@V?$allocator@D@2@@std@@V12@U?$less@V?$basic_string@DU?$char_traits@D@std@@V?$allocator@D@2@@std@@@2@V?$allocator@U?$pair@$$CBV?$basic_string@DU?$char_traits@D@std@@V?$allocator@D@2@@std@@V12@@std@@@2@$0A@@std@@@1@@Z,0x9c0e60,0x20
??$_Dest_val@V?$allocator@U?$pair@$$CBV?$basic_string@DU?$char_traits@D@std@@V?$allocator@D@2@@std@@V12@@std@@@std@@U?$pair@$$CBV?$basic_string@DU?$char_traits@D@std@@V?$allocator@D@2@@std@@V12@@2@@std@@YAXAAV?$allocator@U?$pair@$$CBV?$basic_string@DU?$char_traits@D@std@@V?$allocator@D@2@@std@@V12@@std@@@0@PAU?$pair@$$CBV?$basic_string@DU?$char_traits@D@std@@V?$allocator@D@2@@std@@V12@@0@@Z,0x9e4bd0,0x11
?allocate@?$allocator@U_Node@?$_Tree_nod@V?$_Tset_traits@V?$basic_string@DU?$char_traits@D@std@@V?$allocator@D@2@@std@@U?$less@V?$basic_string@DU?$char_traits@D@std@@V?$allocator@D@2@@std@@@2@V?$allocator@V?$basic_string@DU?$char_traits@D@std@@V?$allocator@D@2@@std@@@2@$0A@@std@@@std@@@std@@QAEPAU_Node@?$_Tree_nod@V?$_Tset_traits@V?$basic_string@DU?$char_traits@D@std@@V?$allocator@D@2@@std@@U?$less@V?$basic_string@DU?$char_traits@D@std@@V?$allocator@D@2@@std@@@2@V?$allocator@V?$basic_string@DU?$char_traits@D@std@@V?$allocator@D@2@@std@@@2@$0A@@std@@@2@I@Z,0x9eb6d0,0x1b
?allocate@?$allocator@U_Node@?$_Tree_nod@V?$_Tmap_traits@V?$basic_string@DU?$char_traits@D@std@@V?$allocator@D@2@@std@@V12@U?$less@V?$basic_string@DU?$char_traits@D@std@@V?$allocator@D@2@@std@@@2@V?$allocator@U?$pair@$$CBV?$basic_string@DU?$char_traits@D@std@@V?$allocator@D@2@@std@@V12@@std@@@2@$0A@@std@@@std@@@std@@QAEPAU_Node@?$_Tree_nod@V?$_Tmap_traits@V?$basic_string@DU?$char_traits@D@std@@V?$allocator@D@2@@std@@V12@U?$less@V?$basic_string@DU?$char_traits@D@std@@V?$allocator@D@2@@std@@@2@V?$allocator@U?$pair@$$CBV?$basic_string@DU?$char_traits@D@std@@V?$allocator@D@2@@std@@V12@@std@@@2@$0A@@std@@@2@I@Z,0x9eb6d0,0x1b
??E?$_Tree_const_iterator@V?$_Tree_val@V?$_Tset_traits@V?$basic_string@DU?$char_traits@D@std@@V?$allocator@D@2@@std@@U?$less@V?$basic_string@DU?$char_traits@D@std@@V?$allocator@D@2@@std@@@2@V?$allocator@V?$basic_string@DU?$char_traits@D@std@@V?$allocator@D@2@@std@@@2@$0A@@std@@@std@@@std@@QAEAAV01@XZ,0x9c0ea0,0x16
??E?$_Tree_const_iterator@V?$_Tree_val@V?$_Tmap_traits@V?$basic_string@DU?$char_traits@D@std@@V?$allocator@D@2@@std@@V12@U?$less@V?$basic_string@DU?$char_traits@D@std@@V?$allocator@D@2@@std@@@2@V?$allocator@U?$pair@$$CBV?$basic_string@DU?$char_traits@D@std@@V?$allocator@D@2@@std@@V12@@std@@@2@$0A@@std@@@std@@@std@@QAEAAV01@XZ,0x9c0ea0,0x16
??0?$pair@V?$_Tree_iterator@V?$_Tree_val@V?$_Tmap_traits@V?$basic_string@DU?$char_traits@D@std@@V?$allocator@D@2@@std@@V12@U?$less@V?$basic_string@DU?$char_traits@D@std@@V?$allocator@D@2@@std@@@2@V?$allocator@U?$pair@$$CBV?$basic_string@DU?$char_traits@D@std@@V?$allocator@D@2@@std@@V12@@std@@@2@$0A@@std@@@std@@@std@@_N@std@@QAE@$$QAV?$_Tree_iterator@V?$_Tree_val@V?$_Tmap_traits@V?$basic_string@DU?$char_traits@D@std@@V?$allocator@D@2@@std@@V12@U?$less@V?$basic_string@DU?$char_traits@D@std@@V?$allocator@D@2@@std@@@2@V?$allocator@U?$pair@$$CBV?$basic_string@DU?$char_traits@D@std@@V?$allocator@D@2@@std@@V12@@std@@@2@$0A@@std@@@std@@@1@$$QA_N@Z,0x9ea270,0x32
??F?$_Tree_iterator@V?$_Tree_val@V?$_Tmap_traits@V?$basic_string@DU?$char_traits@D@std@@V?$allocator@D@2@@std@@V12@U?$less@V?$basic_string@DU?$char_traits@D@std@@V?$allocator@D@2@@std@@@2@V?$allocator@U?$pair@$$CBV?$basic_string@DU?$char_traits@D@std@@V?$allocator@D@2@@std@@V12@@std@@@2@$0A@@std@@@std@@@std@@QAEAAV01@XZ,0x9ea250,0x16
??$?0AAV?$_Tree_iterator@V?$_Tree_val@V?$_Tmap_traits@V?$basic_string@DU?$char_traits@D@std@@V?$allocator@D@2@@std@@V12@U?$less@V?$basic_string@DU?$char_traits@D@std@@V?$allocator@D@2@@std@@@2@V?$allocator@U?$pair@$$CBV?$basic_string@DU?$char_traits@D@std@@V?$allocator@D@2@@std@@V12@@std@@@2@$0A@@std@@@std@@@std@@_N@?$pair@V?$_Tree_iterator@V?$_Tree_val@V?$_Tmap_traits@V?$basic_string@DU?$char_traits@D@std@@V?$allocator@D@2@@std@@V12@U?$less@V?$basic_string@DU?$char_traits@D@std@@V?$allocator@D@2@@std@@@2@V?$allocator@U?$pair@$$CBV?$basic_string@DU?$char_traits@D@std@@V?$allocator@D@2@@std@@V12@@std@@@2@$0A@@std@@@std@@@std@@_N@std@@QAE@AAV?$_Tree_iterator@V?$_Tree_val@V?$_Tmap_traits@V?$basic_string@DU?$char_traits@D@std@@V?$allocator@D@2@@std@@V12@U?$less@V?$basic_string@DU?$char_traits@D@std@@V?$allocator@D@2@@std@@@2@V?$allocator@U?$pair@$$CBV?$basic_string@DU?$char_traits@D@std@@V?$allocator@D@2@@std@@V12@@std@@@2@$0A@@std@@@std@@@1@$$QA_N@Z,0x9ea270,0x32
??$_Cons_val@V?$allocator@U?$pair@$$CBV?$basic_string@DU?$char_traits@D@std@@V?$allocator@D@2@@std@@V12@@std@@@std@@U?$pair@$$CBV?$basic_string@DU?$char_traits@D@std@@V?$allocator@D@2@@std@@V12@@2@AAU32@@std@@YAXAAV?$allocator@U?$pair@$$CBV?$basic_string@DU?$char_traits@D@std@@V?$allocator@D@2@@std@@V12@@std@@@0@PAU?$pair@$$CBV?$basic_string@DU?$char_traits@D@std@@V?$allocator@D@2@@std@@V12@@0@AAU20@@Z,0x9f6b80,0x1e
??$_Cons_val@V?$allocator@U?$pair@$$CBV?$basic_string@DU?$char_traits@D@std@@V?$allocator@D@2@@std@@V12@@std@@@std@@U?$pair@$$CBV?$basic_string@DU?$char_traits@D@std@@V?$allocator@D@2@@std@@V12@@2@U?$pair@V?$basic_string@DU?$char_traits@D@std@@V?$allocator@D@2@@std@@V12@@2@@std@@YAXAAV?$allocator@U?$pair@$$CBV?$basic_string@DU?$char_traits@D@std@@V?$allocator@D@2@@std@@V12@@std@@@0@PAU?$pair@$$CBV?$basic_string@DU?$char_traits@D@std@@V?$allocator@D@2@@std@@V12@@0@$$QAU?$pair@V?$basic_string@DU?$char_traits@D@std@@V?$allocator@D@2@@std@@V12@@0@@Z,0x9f6b80,0x1e
??$_Cons_val@V?$allocator@U?$pair@$$CBV?$basic_string@DU?$char_traits@D@std@@V?$allocator@D@2@@std@@V12@@std@@@std@@U?$pair@$$CBV?$basic_string@DU?$char_traits@D@std@@V?$allocator@D@2@@std@@V12@@2@U32@@std@@YAXAAV?$allocator@U?$pair@$$CBV?$basic_string@DU?$char_traits@D@std@@V?$allocator@D@2@@std@@V12@@std@@@0@PAU?$pair@$$CBV?$basic_string@DU?$char_traits@D@std@@V?$allocator@D@2@@std@@V12@@0@$$QAU20@@Z,0x9f6b80,0x1e
?destroy@?$allocator@U?$pair@$$CBV?$basic_string@DU?$char_traits@D@std@@V?$allocator@D@2@@std@@V12@@std@@@std@@QAEXPAU?$pair@$$CBV?$basic_string@DU?$char_traits@D@std@@V?$allocator@D@2@@std@@V12@@2@@Z,0x9e92d0,0x19
??_G?$pair@$$CBV?$basic_string@DU?$char_traits@D@std@@V?$allocator@D@2@@std@@V12@@std@@QAEPAXI@Z,0x9f5180,0x2d
??0?$_Pair_base@$$CBV?$basic_string@DU?$char_traits@D@std@@V?$allocator@D@2@@std@@V12@@std@@QAE@ABV?$basic_string@DU?$char_traits@D@std@@V?$allocator@D@2@@1@0@Z,0x9c0ec0,0x63
??$_Destroy@U?$pair@$$CBV?$basic_string@DU?$char_traits@D@std@@V?$allocator@D@2@@std@@V12@@std@@@std@@YAXPAU?$pair@$$CBV?$basic_string@DU?$char_traits@D@std@@V?$allocator@D@2@@std@@V12@@0@@Z,0x9f4290,0xf
??1?$_Tree@V?$_Tmap_traits@V?$basic_string@DU?$char_traits@D@std@@V?$allocator@D@2@@std@@V12@U?$less@V?$basic_string@DU?$char_traits@D@std@@V?$allocator@D@2@@std@@@2@V?$allocator@U?$pair@$$CBV?$basic_string@DU?$char_traits@D@std@@V?$allocator@D@2@@std@@V12@@std@@@2@$0A@@std@@@std@@QAE@XZ,0x9b8bf0,0x53
??0Unknown_40cde0@@QAE@XZ,0x40ca90,0x24
