# team_c_11: mapping rows for template instances already compiled by other files (op_y8, op_q5_pb, op_s8e_arr, op_v4c, ...), found with discover.py in my range
?imbue@?$basic_filebuf@DU?$char_traits@D@std@@@std@@MAEXABVlocale@2@@Z,0x9b2810,0x22
?back@?$vector@UY8_10_14_0@@V?$allocator@UY8_10_14_0@@@std@@@std@@QAEAAUY8_10_14_0@@XZ,0x9b4b20,0x2d
?clear@?$vector@UY8_10_14_0@@V?$allocator@UY8_10_14_0@@@std@@@std@@QAEXXZ,0x9b5220,0x43
?push_back@?$vector@UY8_10_14_0@@V?$allocator@UY8_10_14_0@@@std@@@std@@QAEXABUY8_10_14_0@@@Z,0x9b7b50,0xfa
?push_back@?$vector@UY8_10_14_0@@V?$allocator@UY8_10_14_0@@@std@@@std@@QAEX$$QAUY8_10_14_0@@@Z,0x9b7f00,0x110
?push_back@?$vector@MV?$allocator@M@std@@@std@@QAEX$$QAM@Z,0x9b84b0,0x110
?assign@?$vector@UY8_10_14_0@@V?$allocator@UY8_10_14_0@@@std@@@std@@QAEXIABUY8_10_14_0@@@Z,0x9b86c0,0x1d
??0?$OpR5h_WL@UPoint@@@@QAE@XZ,0x9ba150,0x29
??_G?$basic_ofstream@DU?$char_traits@D@std@@@std@@UAEPAXI@Z,0x9bae00,0x36
?_Assign_n@?$vector@V?$vector@UXColor@@V?$allocator@UXColor@@@std@@@std@@V?$allocator@V?$vector@UXColor@@V?$allocator@UXColor@@@std@@@std@@@2@@std@@IAEXIABV?$vector@UXColor@@V?$allocator@UXColor@@@std@@@2@@Z,0x9bdf00,0xb6
??0?$vector@UY8_10_14_0@@V?$allocator@UY8_10_14_0@@@std@@@std@@QAE@ABV01@@Z,0x9c3900,0xe9
?_Insert_n@?$vector@V?$vector@UXColor@@V?$allocator@UXColor@@@std@@@std@@V?$allocator@V?$vector@UXColor@@V?$allocator@UXColor@@@std@@@std@@@2@@std@@IAEXV?$_Vector_const_iterator@V?$_Vector_val@V?$vector@UXColor@@V?$allocator@UXColor@@@std@@@std@@V?$allocator@V?$vector@UXColor@@V?$allocator@UXColor@@@std@@@std@@@2@@std@@@2@IABV?$vector@UXColor@@V?$allocator@UXColor@@@std@@@2@@Z,0x9c8ad0,0x3de
??$OpG_clearObjects@UOpG_Q_8_n@@@@YAXAAV?$vector@PAUOpG_Q_8_n@@V?$allocator@PAUOpG_Q_8_n@@@std@@@std@@@Z,0x9ce800,0x19
??$OpG_clearObjects@UOpG_Q_8_v@@@@YAXAAV?$vector@PAUOpG_Q_8_v@@V?$allocator@PAUOpG_Q_8_v@@@std@@@std@@@Z,0x9ce820,0x19
??$?0V?$_Vector_iterator@V?$_Vector_val@PAUOpT8d_H4@@V?$allocator@PAUOpT8d_H4@@@std@@@std@@@std@@@?$vector@PAUOpT8d_H4@@V?$allocator@PAUOpT8d_H4@@@std@@@std@@QAE@V?$_Vector_iterator@V?$_Vector_val@PAUOpT8d_H4@@V?$allocator@PAUOpT8d_H4@@@std@@@std@@@1@0@Z,0x9ce890,0x82
??0OpT8a_Holder@@QAE@XZ,0x9cfd10,0x73
??$insert@U?$pair@$$CBV?$basic_string@DU?$char_traits@D@std@@V?$allocator@D@2@@std@@V12@@std@@@?$_Tree@V?$_Tmap_traits@V?$basic_string@DU?$char_traits@D@std@@V?$allocator@D@2@@std@@V12@U?$less@V?$basic_string@DU?$char_traits@D@std@@V?$allocator@D@2@@std@@@2@V?$allocator@U?$pair@$$CBV?$basic_string@DU?$char_traits@D@std@@V?$allocator@D@2@@std@@V12@@std@@@2@$0A@@std@@@std@@QAE?AU?$pair@V?$_Tree_iterator@V?$_Tree_val@V?$_Tmap_traits@V?$basic_string@DU?$char_traits@D@std@@V?$allocator@D@2@@std@@V12@U?$less@V?$basic_string@DU?$char_traits@D@std@@V?$allocator@D@2@@std@@@2@V?$allocator@U?$pair@$$CBV?$basic_string@DU?$char_traits@D@std@@V?$allocator@D@2@@std@@V12@@std@@@2@$0A@@std@@@std@@@std@@_N@1@$$QAU?$pair@$$CBV?$basic_string@DU?$char_traits@D@std@@V?$allocator@D@2@@std@@V12@@1@@Z,0x9d3fa0,0x34
?OpU8b_removeAll@@YAHAAV?$vector@HV?$allocator@H@std@@@std@@H@Z,0x9de7b0,0x61
??$sort@V?$_Vector_iterator@V?$_Vector_val@HV?$allocator@H@std@@@std@@@std@@P6A_NII@Z@std@@YAXV?$_Vector_iterator@V?$_Vector_val@HV?$allocator@H@std@@@std@@@0@0P6A_NII@Z@Z,0x9e2e00,0x38
??$?HDU?$char_traits@D@std@@V?$allocator@D@1@@std@@YA?AV?$basic_string@DU?$char_traits@D@std@@V?$allocator@D@2@@0@DABV10@@Z,0x9e3050,0xab
??$insert@V?$_Vector_iterator@V?$_Vector_val@DV?$allocator@D@std@@@std@@@std@@@?$basic_string@DU?$char_traits@D@std@@V?$allocator@D@2@@std@@QAEXV?$_String_const_iterator@DU?$char_traits@D@std@@V?$allocator@D@2@@1@V?$_Vector_iterator@V?$_Vector_val@DV?$allocator@D@std@@@std@@@1@1@Z,0x9e3260,0x38
??$use_facet@V?$codecvt@DDH@std@@@std@@YAABV?$codecvt@DDH@0@ABVlocale@0@@Z,0x9e36c0,0xf5
?equal@?$istreambuf_iterator@DU?$char_traits@D@std@@@std@@QBE_NABV12@@Z,0x9e7a60,0x68
??0?$pair@HV?$vector@HV?$allocator@H@std@@@std@@@std@@QAE@$$QAH$$QAV?$vector@HV?$allocator@H@std@@@1@@Z,0x9ea270,0x32
??$_Rechecked@DU?$char_traits@D@std@@V?$allocator@D@2@@std@@YA?AV?$_String_iterator@DU?$char_traits@D@std@@V?$allocator@D@2@@0@AAV10@PAD@Z,0x9ebfd0,0x1b
??$emplace@AAUPoint@@@?$vector@UPoint@@V?$allocator@UPoint@@@std@@@std@@QAE?AV?$_Vector_iterator@V?$_Vector_val@UPoint@@V?$allocator@UPoint@@@std@@@std@@@1@V?$_Vector_const_iterator@V?$_Vector_val@UPoint@@V?$allocator@UPoint@@@std@@@std@@@1@AAUPoint@@@Z,0x9ec050,0xa5
??$_Construct@V?$_Vector_iterator@V?$_Vector_val@HV?$allocator@H@std@@@std@@@std@@@?$vector@HV?$allocator@H@std@@@std@@QAEXV?$_Vector_iterator@V?$_Vector_val@HV?$allocator@H@std@@@std@@@1@0Uinput_iterator_tag@1@@Z,0x9ec300,0x96
??0?$OpS8e_Array2D@H@@QAE@AAV?$basic_istream@DU?$char_traits@D@std@@@std@@@Z,0x9ec3c0,0xa5
?OpS8e_add@?$OpS8e_Array2D@H@@QAEXPAV1@@Z,0x9ec6b0,0x58
??$_Transform@PADV?$_String_iterator@DU?$char_traits@D@std@@V?$allocator@D@2@@std@@P6AHH@Z@std@@YA?AV?$_String_iterator@DU?$char_traits@D@std@@V?$allocator@D@2@@0@PAD0V10@P6AHH@Z@Z,0x9ec710,0x48
?OpS8e_fill@?$OpS8e_Array2D@H@@QAEXH@Z,0x9ec800,0x43
?OpS8e_resize@?$OpS8e_Array2D@H@@QAEXHH@Z,0x9ec850,0x82
??$Add@VTypeHandler@?$RepeatedPtrField@VRoute_Entry@Protobuf@@@protobuf@google@@@RepeatedPtrFieldBase@internal@protobuf@google@@IAEPAVRoute_Entry@Protobuf@@PAV45@@Z,0x9ed4e0,0xd0
??$_Lexicographical_compare@PBDPBD@std@@YA_NPBD000@Z,0x9edb00,0x7b
??$_Insert@V?$_Vector_iterator@V?$_Vector_val@UPoint@@V?$allocator@UPoint@@@std@@@std@@@std@@@?$vector@UPoint@@V?$allocator@UPoint@@@std@@@std@@QAEXV?$_Vector_const_iterator@V?$_Vector_val@UPoint@@V?$allocator@UPoint@@@std@@@std@@@1@V?$_Vector_iterator@V?$_Vector_val@UPoint@@V?$allocator@UPoint@@@std@@@std@@@1@1Uforward_iterator_tag@1@@Z,0x9edc00,0x24f
??$?5DU?$char_traits@D@std@@V?$allocator@D@1@@std@@YAAAV?$basic_istream@DU?$char_traits@D@std@@@0@AAV10@AAV?$basic_string@DU?$char_traits@D@std@@V?$allocator@D@2@@0@@Z,0x9ede50,0x1e
??$rotate@V?$_Vector_iterator@V?$_Vector_val@UOpQ5_U9d5760@@V?$allocator@UOpQ5_U9d5760@@@std@@@std@@@std@@@std@@YA?AV?$_Vector_iterator@V?$_Vector_val@UOpQ5_U9d5760@@V?$allocator@UOpQ5_U9d5760@@@std@@@std@@@0@V10@00@Z,0x9edfd0,0x99
??$_Uninit_def_fill_n@PAUOpQ5s_T9f0a40@@IU1@V?$allocator@UOpQ5s_T9f0a40@@@std@@U1@@std@@YAXPAUOpQ5s_T9f0a40@@IPBU1@AAV?$allocator@UOpQ5s_T9f0a40@@@0@0U_Nonscalar_ptr_iterator_tag@0@@Z,0x9f0a40,0xc4
??$iter_swap@PAV?$basic_string@DU?$char_traits@D@std@@V?$allocator@D@2@@std@@PAV12@@std@@YAXPAV?$basic_string@DU?$char_traits@D@std@@V?$allocator@D@2@@0@0@Z,0x9f93c0,0x15
??$_Distance2@PADH@std@@YAXPAD0AAHUrandom_access_iterator_tag@0@@Z,0x9fd0a0,0x15
??$rotate@PAUOpQ5_U9d0300@@@std@@YAPAUOpQ5_U9d0300@@PAU1@00@Z,0x9fd4f0,0x7b
??$_Distance2@PAV?$basic_string@DU?$char_traits@D@std@@V?$allocator@D@2@@std@@H@std@@YAXPAV?$basic_string@DU?$char_traits@D@std@@V?$allocator@D@2@@0@0AAHUrandom_access_iterator_tag@0@@Z,0x9fd870,0x1d
??$_Advance@PAV?$basic_string@DU?$char_traits@D@std@@V?$allocator@D@2@@std@@H@std@@YAXAAPAV?$basic_string@DU?$char_traits@D@std@@V?$allocator@D@2@@0@HUrandom_access_iterator_tag@0@@Z,0x9fd890,0x15
??$_Distance2@V?$_Vb_iterator@V?$allocator@_N@std@@@std@@H@std@@YAXV?$_Vb_iterator@V?$allocator@_N@std@@@0@0AAHUrandom_access_iterator_tag@0@@Z,0x9fe7e0,0x1b
??G?$_String_iterator@_WU?$char_traits@_W@std@@V?$allocator@_W@2@@std@@QBEHABV?$_String_const_iterator@_WU?$char_traits@_W@std@@V?$allocator@_W@2@@1@@Z,0xa000c0,0x23
??$_Distance2@PAUPoint@@H@std@@YAXPAUPoint@@0AAHUrandom_access_iterator_tag@0@@Z,0xa00a20,0x18
??$_Advance@PAUPoint@@H@std@@YAXAAPAUPoint@@HUrandom_access_iterator_tag@0@@Z,0xa00a40,0x15
??$_Advance@PAUOpQ5_U9d0300@@H@std@@YAXAAPAUOpQ5_U9d0300@@HUrandom_access_iterator_tag@0@@Z,0xa01230,0x15
??$_Distance2@PAUOpQ5_U9d0300@@H@std@@YAXPAUOpQ5_U9d0300@@0AAHUrandom_access_iterator_tag@0@@Z,0xa02060,0x18
??$_Distance2@PAUOpS8h_A16@@H@std@@YAXPAUOpS8h_A16@@0AAHUrandom_access_iterator_tag@0@@Z,0xa025a0,0x18
??$_Advance@PAUOpV4f_A16@@H@std@@YAXAAPAUOpV4f_A16@@HUrandom_access_iterator_tag@0@@Z,0xa02e50,0x15
??1?$vector@UOpR6_KA_20_0@@V?$allocator@UOpR6_KA_20_0@@@std@@@std@@QAE@XZ,0x9b3b80,0x53
??1?$vector@UY8_6c_00_0@@V?$allocator@UY8_6c_00_0@@@std@@@std@@QAE@XZ,0x9b4c60,0x53
?back@?$vector@UY8_10_14_1@@V?$allocator@UY8_10_14_1@@@std@@@std@@QAEAAUY8_10_14_1@@XZ,0x9b5ac0,0x2d
?push_back@?$vector@UY8_10_14_1@@V?$allocator@UY8_10_14_1@@@std@@@std@@QAEXABUY8_10_14_1@@@Z,0x9b5af0,0xfa
?clear@?$vector@UY8_10_14_1@@V?$allocator@UY8_10_14_1@@@std@@@std@@QAEXXZ,0x9b5c40,0x43
?_Construct_n@?$vector@UY8_10_14_1@@V?$allocator@UY8_10_14_1@@@std@@@std@@QAEXIPBUY8_10_14_1@@@Z,0x9be170,0xa6
??0?$vector@UY8_10_14_1@@V?$allocator@UY8_10_14_1@@@std@@@std@@QAE@ABV01@@Z,0x9c3af0,0xe9
??0?$vector@UE60_0@@V?$allocator@UE60_0@@@std@@@std@@QAE@ABV01@@Z,0x9c5cd0,0xe9
??1?$vector@UY8_10_14_1@@V?$allocator@UY8_10_14_1@@@std@@@std@@QAE@XZ,0x9b3da0,0x53
??1?$vector@UY8_54_00_0@@V?$allocator@UY8_54_00_0@@@std@@@std@@QAE@XZ,0x9b44c0,0x53
