# team_d_05: mapping only (no own .cpp): ??__E/??__F functions generated by globals already defined in src/game/cc_r2_27.cpp, cc_r2_31.cpp, team_c_02.cpp, team_c_03.cpp, team_c_04.cpp
??__Eunknown_d22fa8@@YAXXZ,0xb53b10,0x1c
??__Eunknown_d204cc@@YAXXZ,0xb53b50,0x1c
??__Eunknown_d2b274@@YAXXZ,0xb53b90,0x1c
??__Eunknown_d31640@@YAXXZ,0xb53bf0,0x1c
??__Eunknown_d2f32c@@YAXXZ,0xb53c10,0x1c
??__Eunknown_cf3a10@@YAXXZ,0xb53cb0,0x1c
??__Eunknown_d20248@@YAXXZ,0xb53cd0,0x1c
??__Eunknown_cfe568@@YAXXZ,0xb53df0,0x1c
??__Eunknown_d225a0@@YAXXZ,0xb53e10,0x1c
??__Eunknown_cf1080@@YAXXZ,0xb53e30,0x1c
??__Eunknown_d2f75c@@YAXXZ,0xb53e50,0x1c
??__Eunknown_d2a864@@YAXXZ,0xb53e90,0x1c
??__Frng@@YAXXZ,0xb5ca80,0xf
??__Fvec_d2b4bc@@YAXXZ,0xb5cb60,0xf
??__Fvec_d20ae8@@YAXXZ,0xb5cb70,0xf
??__Frex_d223f0@@YAXXZ,0xb5cb80,0xf
??__Fstr_d204b0@@YAXXZ,0xb5cbf0,0xf
??__Fstr_d2d490@@YAXXZ,0xb5cc80,0xf
??__Fstr_d2d4d8@@YAXXZ,0xb5cca0,0xf
??__Fvec_d2d480@@YAXXZ,0xb5cce0,0xf
??__Fstr_d37998@@YAXXZ,0xb5ccf0,0xf
??__FgameStrings_d1f720@@YAXXZ,0xb5d0f0,0x18
??__FgameStrings_d2ae30@@YAXXZ,0xb5d680,0x18
??__FgameStrings_cf0470@@YAXXZ,0xb5d6a0,0x18
