# name,va,size  (Cogmind b17.1 260906, sha256 6c96192b...8184)
MTRand_int32::MTRand_int32,0x4068b0,0x2c
MTRand_int32::~MTRand_int32,0x4068e0,0x14
MTRand_int32::clear,0x406900,0x45
MTRand_int32::`scalar deleting destructor',0x406950,0x2d
MTRand_int32::twiddle,0x406980,0x34
MTRand_int32::rand_int32,0x4069c0,0x84
MTRand_open::MTRand_open,0x406a50,0x1f
MTRand_open::~MTRand_open,0x406a70,0x1c
MTRand_open::operator(),0x406a90,0x2e
MTRand_open::`scalar deleting destructor',0x406ac0,0x2d
MTRand_int32::gen_state,0x406af0,0xe9
MTRand_int32::seed,0x406be0,0x80
maxf,0x9cd020,0x28
minf,0x9cd050,0x28
RNG::RNG,0x406c60,0x22
?chance@RNG@@QAE_NH@Z,0x406c90,0x2f
?chance@RNG@@QAE_NM@Z,0x406cc0,0x46
?seed@RNG@@QAEHXZ,0x406d10,0x30
?seed@RNG@@QAEHH@Z,0x406d40,0x2b
RNG::rangeInt,0x406d70,0xad
RNG::rangeFloat,0x406e20,0x73
RNG::~RNG,0x406ea0,0x16
RNGC::RNGC,0x9b6590,0x17
?seed@RNGC@@QAEHH@Z,0x406f70,0x29
RNGC::rangeInt,0x406fa0,0xb4
