# va,name,size,source -- identified but not yet reconstructed
0x4150f0,XResourceMgr::addSearchPath,0x1be,string
0x4152b0,XResourceMgr::addResourcePath,0x257,string
0x415760,XResourceMgr::getRWopsFromFile,0x23a,string
0x4159a0,XResourceMgr::getSurfaceFromFile_4159a0,0x160,string
0x415b00,XResourceMgr::getSoundFromFile,0x160,string
0x416390,XCommandMgr::addCommand,0x1d7,string
0x422380,REX::initJLog,0x231,string
0x4230e0,REX::setVideoMode,0xd4f,string
0x424210,REX::toggleFullscreen,0x163,string
0x4243e0,REX::loadFonts,0x16c8,string
0x426950,REX::consoleAddToLayer,0x108,string
0x426a60,REX::consoleRemoveFromLayer,0x100,string
0x428b20,XConsole::removeSubconsole,0x356,string
0x42a5b0,XConsole::blit,0x2d10,string
0x42e850,XFontData::loadCharmap,0x5be,string
0x42ee10,XFontData::generateAutoscaled,0x18b,string
0x42f5e0,XFontSet::init_42f5e0,0x22e6,string
0x4318d0,XFontSet::initAutoscaled,0x504,string
0x437580,AsciiImage::load,0x802,string
0x438ad0,Keyboard::init,0x641,string
0x439120,Keyboard::save,0x3e5,string
0x439650,Keybinds::init,0x11e7,string (also: Keyboard::init)
0x43a840,Keybinds::save,0x666,string
0x43afa0,Config::init_43afa0,0x54ac,string
0x440450,Config::save,0x4f2e,string
0x445380,Config::breakConfigVar,0x20f,string
0x4456b0,Config::init_4456b0,0x7bf,string
0x4495e0,Network::init,0x8e,string
0x449670,Network::deinit,0xc0,string
0x449780,Network::threadQuitting,0xd0,string
0x449850,Upload::sendString,0x16f,string
0x4583b0,Item::setActivateOkayTurn,0xa1,string
0x460560,PenetrationRollPool::peekValue,0x10e,string
0x467a40,GameMetaData::unserialize,0x337c,string (also: GameMetaData::serialize)
0x46adc0,GameMetaData::serialize,0x1938,string
0x46c700,GameMetaData::getGalleryCollectionPercent,0x130,string
0x46c830,GameMetaData::getLoreCollectionPercent,0xf5,string
0x470670,GM::getSessionTimeTotal,0x42b,string
0x471a50,UploadScoreData::serialize,0xd9,string
0x474a20,Scorekeeper::totalScore_474a20,0xa8b3,string
0x47f2e0,Scorekeeper::totalScore_47f2e0,0xe20,string
0x480100,Scorekeeper::createProtobuf,0x30e9,string
0x48c4e0,Console::trigger,0x7f,string
0x48cb90,ConsoleArt::drawArt,0x1fe,string
0x48e5b0,CLogMsgs::renewLastMessage,0x137,string
0x4929b0,CCommandsAdvancedPage::CCommandsAdvancedPage,0x111,string
0x4b4480,CEvolveSequencing::trigger,0x26b,string
0x4b5860,CWorldMapInfo::setInfo,0x9c5,string
0x4cfd20,Http::upload,0xbb7,string
0x4d08e0,Http::newsCheck,0xe8d,string
0x4f91a0,HttpsConnection::connectToHttpsServer,0x562,string
0x4f9710,HttpsConnection::sendHttpsRequest,0x3c9,string
0x4f9c80,HttpsConnection::checkResponseHeader,0x2ce,string
0x4f9f50,DiscordWebhook::addComment,0x16a,string (also: DiscordWebhook::postComment)
0x4ff710,AmbientSoundSystem::updateAmbient,0x8f3,string
0x508710,EndObjB::update,0x1c1,string
0x50fd90,Engine::killGroup,0x198,string
0x511fb0,MessageLog::unserialize,0x23e,string
0x5121f0,MessageLog::push,0xdfd,string
0x512ff0,CGameover::render,0xbb7,string
0x513bb0,MessageLog::outputStream,0x3b2,string
0x51da30,BS::turnUpdate_51da30,0x3ef26,string
0x5791a0,Item::setActive,0x615,string (also: Item::setBroken)
0x579940,Item::setOverload,0x334,string
0x5826b0,EntityAI::takeTurn,0x30658,string (also: EnityAI::takeTurn)
0x5b2f80,EntityAI::setFollowEntity,0x4a4,string
0x5b3430,EntityAI::setPatrolRandom,0x322,string
0x5b3760,EntityAI::setOperatorTerminal,0x12d,string
0x5b5b60,EntityAI::willDie,0x3d7,string
0x5b8d20,EntityAI::findPathToGoal,0x4b6,string
0x5bd450,EntityAI::addEarlyExiter,0x22c,string
0x5c4640,Entity::init,0x2744,string
0x5c7a10,Entity::getAscii,0x207,string
0x5d7ef0,Entity::polymindPossessMe,0x1443,string
0x5d93d0,Entity::polymindUnpossess,0xcd0,string
0x5dc780,Entity::changeFaction,0x4e9,string
0x5dccb0,Entity::changePos,0xbe6,string
0x5e5520,Entity::takeDamage,0xbaec,string
0x5f1010,Entity::projectileImpact,0xc534,string
0x605040,BS::checkEffectScrapEngine,0xb3e2,string (also: Entity::checkEffectScrapEngine)
0x610430,Entity::turnUpdate,0x215e4,string (also: Entity::equipPart Entity::update)
0x633790,Entity::die,0x42bc,string
0x637f00,Entity::deflectProjectile,0x1441,string
0x63b1c0,Entity::attemptTeleportitisTeleport,0x3d4,string
0x63d8a0,Entity::move,0x48f6,string
0x6430b0,Entity::equipPart,0xa5ac,string
0x64e8f0,Entity::takeTurn,0x400,string
0x6516b0,SEntityShoot::update,0x73b7,string
0x65cfe0,Trap::escapeStasis,0x4d5,string
0x65ed00,Prop::disableMachine,0x461,string
0x65f320,Prop::setSoundMute,0xb6,string
0x66c020,Cell::removeItem,0xd4,string
0x684de0,Overmind::loadZWeaponList,0x5b4,string
0x6854e0,Overmind::spawnSurgicalParty,0xfa1,string
0x687ef0,Overmind::deployAssaultParty,0xf88,string
0x688e80,Overmind::spawnAntiInfestationCarrier,0x276,string
0x6896d0,Overmind::spawnPatrolParty,0x11d3,string
0x68a8b0,Overmind::findCargoDispatchTarget,0x2f0,string
0x68aba0,Overmind::spawnCargoDispatch_68aba0,0x318,string
0x68aec0,Overmind::spawnCargoDispatch_68aec0,0xadf,string
0x68c2f0,Overmind::spawnResponseParty,0x3d1,string
0x68d1f0,Overmind::redirectParty,0x288,string
0x6bf450,Zionmind::spawnDispatchGroup,0x2ba,string
0x6bf710,Zionmind::spawnDispatchItems,0x16f,string
0x6bf880,Zionmind::newTurn,0x1685,string
0x6c1a90,MapRecord::updateItem,0x1da,string
0x6c3bc0,BS::selectRandomItem,0x518,string
0x6c40e0,BS::selectRandomItemOfRating,0x512,string
0x6c52b0,BS::giveItem,0x148,string
0x6c5480,BS::placeItem,0x17c,string
0x6c58c0,BS::placeEntity,0x4f2,string
0x6c70a0,BS::placeMachine,0x2816,string
0x6e4dc0,BS::postprocessGarrison,0x1b0c,string
0x6f1e90,BS::placeRandomEncounter,0xadc4,string
0x701390,BS::initialize,0x1317,string
0x7026b0,BS::initilize,0xbf51,string (also: BS::initialize)
0x70e640,BS::BattleScape_70e640,0x1990,string
0x70ffd0,BS::BattleScape_70ffd0,0x30ee,string
0x71d130,BS::checkAutosaving,0xbf5,string
0x71fbd0,BS::removeMachine,0x241,string
0x7273e0,BS::displayFabricatorOverloadZap,0x208,string
0x733070,BS::setPausedShootState,0x1471,string
0x734ae0,BS::displayHack,0x277,string
0x736ad0,BS::spawnInfestiationFromTrap,0x36a,string
0x7499f0,BS::thrownItemArrived,0x4e4,string
0x74e750,BS::turnUpdate_74e750,0x24b2c,string
0x773330,BS::playerActionPrepare,0x105f,string
0x778560,GM::addItemAttachCount,0x149,string
0x77ee70,PlayerData::addPolymindSuspicion,0x3bc,string
0x77f680,PlayerData::loadPartSlots,0x538,string
0x789c30,GM::initialize,0x1b69,string
0x78b8a0,GM::readyGame,0x7a5,string
0x78c260,GM::serialize,0x9e6,string
0x78cc50,GM::unserialize,0x86b,string
0x78d4c0,GM::endGame,0x1af,string
0x78dfe0,GM::processSoundGroups,0x2fa,string
0x78e2e0,GM::processSounds,0xf2f,string
0x78fb80,GM::loadManual,0xd16,string (also: GM::loadDataset)
0x790e50,GM::loadDataset,0x59a,string
0x79ed10,GameMetaData::unserializeOldMetaBin,0xb260,string
0x7aba60,CompanionData::upgrade,0x51d,string
0x7ac590,CBD::CTOR,0x889,string
0x7b5e70,CLog::trigger,0xc5,string
0x7c6d30,CCommands::open,0x94a8,string
0x7d1960,CCommands::setAdvancedCommandsPage,0x35c,string
0x7d6c80,CGalleryText::trigger,0x130,string
0x7e92a0,CLore::inputAscii,0x1d39,string
0x7eed40,CAchievements::inputAscii,0x1fce,string
0x7f3bd0,CDragDrop::input,0x987,string
0x7ffee0,CMap::update,0x513c,string
0x808320,CMap::updatePredictedExplosion,0x1ee,string
0x80fa60,CMap::labelEntity,0x720,string
0x815800,CMap::createDynamicEntityInfo,0x1b8c,string
0x8176a0,CMap::showHaulerContent,0x1358,string
0x818a00,CMap::showCommArraySquad,0xa53,string
0x8199a0,CMap::endAudioLogs,0xb6,string
0x827d90,CMap::input,0x15c14,string
0x876860,CMapFine::addNewInventoryItemIndicator,0x33f,string
0x87bd50,CHudData::drawContent,0x6e3c,string
0x884f60,CScan::load,0x25d8,string
0x895020,CParts::trigger,0x1672,string
0x89d970,CParts::input,0x3398,string
0x8a2ce0,CInventory::reopen,0x123c,string
0x8a3f20,CInventory::attemptEquip,0xf91,string
0x8aa560,CPartswap::inputAscii,0x5da,string
0x8b5250,CInfo::trigger,0x36a72,string
0x8ec880,CInfoCompare::trigger,0x75cf,string
0x90d0a0,CShell::scroll,0x4a8,string
0x90d550,CShell::addNew,0x15bb,string
0x95ccc0,CTitle::trigger,0xdc,string
0x987920,CMission::muteAudio,0xd9,string
0x987a00,CMission::unmuteAudio,0x10a,string
